[
  {
    "model":"admin.logentry",
    "pk":1,
    "fields":{
      "action_time":"2023-11-01T21:47:09.080Z",
      "user":1,
      "content_type":7,
      "object_id":"3553",
      "object_repr":"zxcvxczvxcvx",
      "action_flag":1,
      "change_message":"[{\"added\": {}}]"
    }
  },
  {
    "model":"admin.logentry",
    "pk":2,
    "fields":{
      "action_time":"2023-11-01T21:52:30.693Z",
      "user":1,
      "content_type":7,
      "object_id":"3553",
      "object_repr":"zxcvxczvxcvx",
      "action_flag":2,
      "change_message":"[{\"changed\": {\"fields\": [\"Email\"]}}]"
    }
  },
  {
    "model":"admin.logentry",
    "pk":3,
    "fields":{
      "action_time":"2023-11-01T21:54:52.836Z",
      "user":1,
      "content_type":7,
      "object_id":"3553",
      "object_repr":"zxcvxczvxcvx",
      "action_flag":2,
      "change_message":"[{\"changed\": {\"fields\": [\"Website\"]}}]"
    }
  },
  {
    "model":"auth.permission",
    "pk":1,
    "fields":{
      "name":"Can add log entry",
      "content_type":1,
      "codename":"add_logentry"
    }
  },
  {
    "model":"auth.permission",
    "pk":2,
    "fields":{
      "name":"Can change log entry",
      "content_type":1,
      "codename":"change_logentry"
    }
  },
  {
    "model":"auth.permission",
    "pk":3,
    "fields":{
      "name":"Can delete log entry",
      "content_type":1,
      "codename":"delete_logentry"
    }
  },
  {
    "model":"auth.permission",
    "pk":4,
    "fields":{
      "name":"Can view log entry",
      "content_type":1,
      "codename":"view_logentry"
    }
  },
  {
    "model":"auth.permission",
    "pk":5,
    "fields":{
      "name":"Can add permission",
      "content_type":2,
      "codename":"add_permission"
    }
  },
  {
    "model":"auth.permission",
    "pk":6,
    "fields":{
      "name":"Can change permission",
      "content_type":2,
      "codename":"change_permission"
    }
  },
  {
    "model":"auth.permission",
    "pk":7,
    "fields":{
      "name":"Can delete permission",
      "content_type":2,
      "codename":"delete_permission"
    }
  },
  {
    "model":"auth.permission",
    "pk":8,
    "fields":{
      "name":"Can view permission",
      "content_type":2,
      "codename":"view_permission"
    }
  },
  {
    "model":"auth.permission",
    "pk":9,
    "fields":{
      "name":"Can add group",
      "content_type":3,
      "codename":"add_group"
    }
  },
  {
    "model":"auth.permission",
    "pk":10,
    "fields":{
      "name":"Can change group",
      "content_type":3,
      "codename":"change_group"
    }
  },
  {
    "model":"auth.permission",
    "pk":11,
    "fields":{
      "name":"Can delete group",
      "content_type":3,
      "codename":"delete_group"
    }
  },
  {
    "model":"auth.permission",
    "pk":12,
    "fields":{
      "name":"Can view group",
      "content_type":3,
      "codename":"view_group"
    }
  },
  {
    "model":"auth.permission",
    "pk":13,
    "fields":{
      "name":"Can add user",
      "content_type":4,
      "codename":"add_user"
    }
  },
  {
    "model":"auth.permission",
    "pk":14,
    "fields":{
      "name":"Can change user",
      "content_type":4,
      "codename":"change_user"
    }
  },
  {
    "model":"auth.permission",
    "pk":15,
    "fields":{
      "name":"Can delete user",
      "content_type":4,
      "codename":"delete_user"
    }
  },
  {
    "model":"auth.permission",
    "pk":16,
    "fields":{
      "name":"Can view user",
      "content_type":4,
      "codename":"view_user"
    }
  },
  {
    "model":"auth.permission",
    "pk":17,
    "fields":{
      "name":"Can add content type",
      "content_type":5,
      "codename":"add_contenttype"
    }
  },
  {
    "model":"auth.permission",
    "pk":18,
    "fields":{
      "name":"Can change content type",
      "content_type":5,
      "codename":"change_contenttype"
    }
  },
  {
    "model":"auth.permission",
    "pk":19,
    "fields":{
      "name":"Can delete content type",
      "content_type":5,
      "codename":"delete_contenttype"
    }
  },
  {
    "model":"auth.permission",
    "pk":20,
    "fields":{
      "name":"Can view content type",
      "content_type":5,
      "codename":"view_contenttype"
    }
  },
  {
    "model":"auth.permission",
    "pk":21,
    "fields":{
      "name":"Can add session",
      "content_type":6,
      "codename":"add_session"
    }
  },
  {
    "model":"auth.permission",
    "pk":22,
    "fields":{
      "name":"Can change session",
      "content_type":6,
      "codename":"change_session"
    }
  },
  {
    "model":"auth.permission",
    "pk":23,
    "fields":{
      "name":"Can delete session",
      "content_type":6,
      "codename":"delete_session"
    }
  },
  {
    "model":"auth.permission",
    "pk":24,
    "fields":{
      "name":"Can view session",
      "content_type":6,
      "codename":"view_session"
    }
  },
  {
    "model":"auth.permission",
    "pk":25,
    "fields":{
      "name":"Can add company",
      "content_type":7,
      "codename":"add_company"
    }
  },
  {
    "model":"auth.permission",
    "pk":26,
    "fields":{
      "name":"Can change company",
      "content_type":7,
      "codename":"change_company"
    }
  },
  {
    "model":"auth.permission",
    "pk":27,
    "fields":{
      "name":"Can delete company",
      "content_type":7,
      "codename":"delete_company"
    }
  },
  {
    "model":"auth.permission",
    "pk":28,
    "fields":{
      "name":"Can view company",
      "content_type":7,
      "codename":"view_company"
    }
  },
  {
    "model":"auth.permission",
    "pk":29,
    "fields":{
      "name":"Can add industry",
      "content_type":8,
      "codename":"add_industry"
    }
  },
  {
    "model":"auth.permission",
    "pk":30,
    "fields":{
      "name":"Can change industry",
      "content_type":8,
      "codename":"change_industry"
    }
  },
  {
    "model":"auth.permission",
    "pk":31,
    "fields":{
      "name":"Can delete industry",
      "content_type":8,
      "codename":"delete_industry"
    }
  },
  {
    "model":"auth.permission",
    "pk":32,
    "fields":{
      "name":"Can view industry",
      "content_type":8,
      "codename":"view_industry"
    }
  },
  {
    "model":"auth.permission",
    "pk":33,
    "fields":{
      "name":"Can add service category",
      "content_type":9,
      "codename":"add_servicecategory"
    }
  },
  {
    "model":"auth.permission",
    "pk":34,
    "fields":{
      "name":"Can change service category",
      "content_type":9,
      "codename":"change_servicecategory"
    }
  },
  {
    "model":"auth.permission",
    "pk":35,
    "fields":{
      "name":"Can delete service category",
      "content_type":9,
      "codename":"delete_servicecategory"
    }
  },
  {
    "model":"auth.permission",
    "pk":36,
    "fields":{
      "name":"Can view service category",
      "content_type":9,
      "codename":"view_servicecategory"
    }
  },
  {
    "model":"auth.permission",
    "pk":37,
    "fields":{
      "name":"Can add service",
      "content_type":10,
      "codename":"add_service"
    }
  },
  {
    "model":"auth.permission",
    "pk":38,
    "fields":{
      "name":"Can change service",
      "content_type":10,
      "codename":"change_service"
    }
  },
  {
    "model":"auth.permission",
    "pk":39,
    "fields":{
      "name":"Can delete service",
      "content_type":10,
      "codename":"delete_service"
    }
  },
  {
    "model":"auth.permission",
    "pk":40,
    "fields":{
      "name":"Can view service",
      "content_type":10,
      "codename":"view_service"
    }
  },
  {
    "model":"auth.permission",
    "pk":41,
    "fields":{
      "name":"Can add phone",
      "content_type":11,
      "codename":"add_phone"
    }
  },
  {
    "model":"auth.permission",
    "pk":42,
    "fields":{
      "name":"Can change phone",
      "content_type":11,
      "codename":"change_phone"
    }
  },
  {
    "model":"auth.permission",
    "pk":43,
    "fields":{
      "name":"Can delete phone",
      "content_type":11,
      "codename":"delete_phone"
    }
  },
  {
    "model":"auth.permission",
    "pk":44,
    "fields":{
      "name":"Can view phone",
      "content_type":11,
      "codename":"view_phone"
    }
  },
  {
    "model":"auth.user",
    "pk":1,
    "fields":{
      "password":"pbkdf2_sha256$390000$rYWkNAaEYV6zeW5PeUbwjF$GysuDGwHQTSVu8Wf4Z0Y20R5gmPRjs0ZYfP0UfAGBjU=",
      "last_login":"2023-11-01T21:41:54.981Z",
      "is_superuser":true,
      "username":"SuperUser",
      "first_name":"",
      "last_name":"",
      "email":"su@su.su",
      "is_staff":true,
      "is_active":true,
      "date_joined":"2023-11-01T21:40:45.709Z",
      "groups":[
        
      ],
      "user_permissions":[
        
      ]
    }
  },
  {
    "model":"contenttypes.contenttype",
    "pk":1,
    "fields":{
      "app_label":"admin",
      "model":"logentry"
    }
  },
  {
    "model":"contenttypes.contenttype",
    "pk":2,
    "fields":{
      "app_label":"auth",
      "model":"permission"
    }
  },
  {
    "model":"contenttypes.contenttype",
    "pk":3,
    "fields":{
      "app_label":"auth",
      "model":"group"
    }
  },
  {
    "model":"contenttypes.contenttype",
    "pk":4,
    "fields":{
      "app_label":"auth",
      "model":"user"
    }
  },
  {
    "model":"contenttypes.contenttype",
    "pk":5,
    "fields":{
      "app_label":"contenttypes",
      "model":"contenttype"
    }
  },
  {
    "model":"contenttypes.contenttype",
    "pk":6,
    "fields":{
      "app_label":"sessions",
      "model":"session"
    }
  },
  {
    "model":"contenttypes.contenttype",
    "pk":7,
    "fields":{
      "app_label":"companies",
      "model":"company"
    }
  },
  {
    "model":"contenttypes.contenttype",
    "pk":8,
    "fields":{
      "app_label":"companies",
      "model":"industry"
    }
  },
  {
    "model":"contenttypes.contenttype",
    "pk":9,
    "fields":{
      "app_label":"companies",
      "model":"servicecategory"
    }
  },
  {
    "model":"contenttypes.contenttype",
    "pk":10,
    "fields":{
      "app_label":"companies",
      "model":"service"
    }
  },
  {
    "model":"contenttypes.contenttype",
    "pk":11,
    "fields":{
      "app_label":"companies",
      "model":"phone"
    }
  },
  {
    "model":"sessions.session",
    "pk":"ifob7w7994ij9x1pkhko7jrvxee1fzbz",
    "fields":{
      "session_data":".eJxVjEEOwiAQRe_C2hCGAi0u3XsGMgyDVA0kpV0Z765NutDtf-_9lwi4rSVsnZcwJ3EWIE6_W0R6cN1BumO9NUmtrssc5a7Ig3Z5bYmfl8P9OyjYy7eOBIyJtM5DVsoaA-Qxw6goMpBx4Gz2gx1dVI5ZWyQbjVVZJQI_0STeH_XjOBs:1qyIyJ:ItMMvLD4e-3_c9FFulsbiA3jrnf029t6iafqBq5vmf8",
      "expire_date":"2023-11-15T21:41:55.029Z"
    }
  },
  {
    "model":"companies.industry",
    "pk":6940,
    "fields":{
      "name":"Бизнес-услуги"
    }
  },
  {
    "model":"companies.industry",
    "pk":6941,
    "fields":{
      "name":"E-Commerce"
    }
  },
  {
    "model":"companies.industry",
    "pk":6942,
    "fields":{
      "name":"Финансовые услуги"
    }
  },
  {
    "model":"companies.industry",
    "pk":6943,
    "fields":{
      "name":"Информационные технологии"
    }
  },
  {
    "model":"companies.industry",
    "pk":6944,
    "fields":{
      "name":"Розничная торговля"
    }
  },
  {
    "model":"companies.industry",
    "pk":6945,
    "fields":{
      "name":"Потребительские товары и услуги"
    }
  },
  {
    "model":"companies.industry",
    "pk":6946,
    "fields":{
      "name":"Другие отрасли"
    }
  },
  {
    "model":"companies.industry",
    "pk":6947,
    "fields":{
      "name":"Образование"
    }
  },
  {
    "model":"companies.industry",
    "pk":6948,
    "fields":{
      "name":"Реклама и маркетинг"
    }
  },
  {
    "model":"companies.industry",
    "pk":6949,
    "fields":{
      "name":"Недвижимость"
    }
  },
  {
    "model":"companies.industry",
    "pk":6950,
    "fields":{
      "name":"Телекоммуникации"
    }
  },
  {
    "model":"companies.industry",
    "pk":6951,
    "fields":{
      "name":"Медиа"
    }
  },
  {
    "model":"companies.industry",
    "pk":6952,
    "fields":{
      "name":"Производство"
    }
  },
  {
    "model":"companies.industry",
    "pk":6953,
    "fields":{
      "name":"Госсектор"
    }
  },
  {
    "model":"companies.industry",
    "pk":6954,
    "fields":{
      "name":"Искусство, развлечения и музыка"
    }
  },
  {
    "model":"companies.industry",
    "pk":6955,
    "fields":{
      "name":"Автомобильная промышленность"
    }
  },
  {
    "model":"companies.industry",
    "pk":6956,
    "fields":{
      "name":"Энергетика и природные ресурсы"
    }
  },
  {
    "model":"companies.industry",
    "pk":6957,
    "fields":{
      "name":"Гостинично-ресторанный сектор"
    }
  },
  {
    "model":"companies.industry",
    "pk":6958,
    "fields":{
      "name":"Игровая индустрия"
    }
  },
  {
    "model":"companies.industry",
    "pk":6959,
    "fields":{
      "name":"Транспорт"
    }
  },
  {
    "model":"companies.industry",
    "pk":6960,
    "fields":{
      "name":"GPS, навигация и ГИС"
    }
  },
  {
    "model":"companies.industry",
    "pk":6961,
    "fields":{
      "name":"Коммунальные услуги"
    }
  },
  {
    "model":"companies.industry",
    "pk":6962,
    "fields":{
      "name":"Здравоохранение и медицина"
    }
  },
  {
    "model":"companies.industry",
    "pk":6963,
    "fields":{
      "name":"Стоматология"
    }
  },
  {
    "model":"companies.industry",
    "pk":6964,
    "fields":{
      "name":"Некоммерческие организации"
    }
  },
  {
    "model":"companies.industry",
    "pk":6965,
    "fields":{
      "name":"Азартные игры"
    }
  },
  {
    "model":"companies.industry",
    "pk":6966,
    "fields":{
      "name":"Юридические услуги"
    }
  },
  {
    "model":"companies.servicecategory",
    "pk":1281,
    "fields":{
      "name":"Разработка ПО"
    }
  },
  {
    "model":"companies.servicecategory",
    "pk":1282,
    "fields":{
      "name":"Дизайн"
    }
  },
  {
    "model":"companies.servicecategory",
    "pk":1283,
    "fields":{
      "name":"Веб-разработка"
    }
  },
  {
    "model":"companies.servicecategory",
    "pk":1284,
    "fields":{
      "name":"Маркетинг"
    }
  },
  {
    "model":"companies.servicecategory",
    "pk":1285,
    "fields":{
      "name":"Бизнес-услуги"
    }
  },
  {
    "model":"companies.service",
    "pk":15105,
    "fields":{
      "category":1281,
      "name":"Разработка мобильных приложений"
    }
  },
  {
    "model":"companies.service",
    "pk":15106,
    "fields":{
      "category":1281,
      "name":"E-Commerce"
    }
  },
  {
    "model":"companies.service",
    "pk":15107,
    "fields":{
      "category":1281,
      "name":"Модернизация корпоративного ПО"
    }
  },
  {
    "model":"companies.service",
    "pk":15108,
    "fields":{
      "category":1281,
      "name":"Управление и поддержка ПО"
    }
  },
  {
    "model":"companies.service",
    "pk":15109,
    "fields":{
      "category":1281,
      "name":"Искусственный интеллект"
    }
  },
  {
    "model":"companies.service",
    "pk":15110,
    "fields":{
      "category":1281,
      "name":"Консалтинг в области бизнес анализа и больших данных"
    }
  },
  {
    "model":"companies.service",
    "pk":15111,
    "fields":{
      "category":1281,
      "name":"Разработка специализированного ПО"
    }
  },
  {
    "model":"companies.service",
    "pk":15112,
    "fields":{
      "category":1281,
      "name":"Разработка приложений для носимых устройств"
    }
  },
  {
    "model":"companies.service",
    "pk":15113,
    "fields":{
      "category":1281,
      "name":"Разработка ПО на заказ"
    }
  },
  {
    "model":"companies.service",
    "pk":15114,
    "fields":{
      "category":1281,
      "name":"Консалтинг в области IT-стратегии"
    }
  },
  {
    "model":"companies.service",
    "pk":15115,
    "fields":{
      "category":1281,
      "name":"Тестирование ПО"
    }
  },
  {
    "model":"companies.service",
    "pk":15116,
    "fields":{
      "category":1281,
      "name":"Разработка IoT"
    }
  },
  {
    "model":"companies.service",
    "pk":15117,
    "fields":{
      "category":1281,
      "name":"Блокчейн"
    }
  },
  {
    "model":"companies.service",
    "pk":15118,
    "fields":{
      "category":1281,
      "name":"Разработка AR/VR"
    }
  },
  {
    "model":"companies.service",
    "pk":15119,
    "fields":{
      "category":1281,
      "name":"Консалтинг в области облачных технологий"
    }
  },
  {
    "model":"companies.service",
    "pk":15120,
    "fields":{
      "category":1281,
      "name":"Кибербезопасность"
    }
  },
  {
    "model":"companies.service",
    "pk":15121,
    "fields":{
      "category":1282,
      "name":"Веб-дизайн"
    }
  },
  {
    "model":"companies.service",
    "pk":15122,
    "fields":{
      "category":1282,
      "name":"UX/UI"
    }
  },
  {
    "model":"companies.service",
    "pk":15123,
    "fields":{
      "category":1282,
      "name":"Графический дизайн"
    }
  },
  {
    "model":"companies.service",
    "pk":15124,
    "fields":{
      "category":1282,
      "name":"Дизайн логотипов"
    }
  },
  {
    "model":"companies.service",
    "pk":15125,
    "fields":{
      "category":1282,
      "name":"Продуктовый дизайн"
    }
  },
  {
    "model":"companies.service",
    "pk":15126,
    "fields":{
      "category":1282,
      "name":"Полиграфический дизайн"
    }
  },
  {
    "model":"companies.service",
    "pk":15127,
    "fields":{
      "category":1282,
      "name":"Другие виды дизайна"
    }
  },
  {
    "model":"companies.service",
    "pk":15128,
    "fields":{
      "category":1282,
      "name":"Разработка фирменного стиля"
    }
  },
  {
    "model":"companies.service",
    "pk":15129,
    "fields":{
      "category":1282,
      "name":"Дизайн упаковки"
    }
  },
  {
    "model":"companies.service",
    "pk":15130,
    "fields":{
      "category":1282,
      "name":"Наружная реклама"
    }
  },
  {
    "model":"companies.service",
    "pk":15131,
    "fields":{
      "category":1283,
      "name":"Веб-разработка"
    }
  },
  {
    "model":"companies.service",
    "pk":15132,
    "fields":{
      "category":1284,
      "name":"SEO"
    }
  },
  {
    "model":"companies.service",
    "pk":15133,
    "fields":{
      "category":1284,
      "name":"Реклама"
    }
  },
  {
    "model":"companies.service",
    "pk":15134,
    "fields":{
      "category":1284,
      "name":"Pay Per Click"
    }
  },
  {
    "model":"companies.service",
    "pk":15135,
    "fields":{
      "category":1284,
      "name":"Оптимизация конверсий"
    }
  },
  {
    "model":"companies.service",
    "pk":15136,
    "fields":{
      "category":1284,
      "name":"Маркетинг мобильных приложений"
    }
  },
  {
    "model":"companies.service",
    "pk":15137,
    "fields":{
      "category":1284,
      "name":"PR"
    }
  },
  {
    "model":"companies.service",
    "pk":15138,
    "fields":{
      "category":1284,
      "name":"Другие виды цифрового маркетинга"
    }
  },
  {
    "model":"companies.service",
    "pk":15139,
    "fields":{
      "category":1284,
      "name":"Партнерский маркетинг"
    }
  },
  {
    "model":"companies.service",
    "pk":15140,
    "fields":{
      "category":1284,
      "name":"Профессиональная фотосъемка"
    }
  },
  {
    "model":"companies.service",
    "pk":15141,
    "fields":{
      "category":1284,
      "name":"Исследования рынка"
    }
  },
  {
    "model":"companies.service",
    "pk":15142,
    "fields":{
      "category":1284,
      "name":"SMM"
    }
  },
  {
    "model":"companies.service",
    "pk":15143,
    "fields":{
      "category":1284,
      "name":"Цифровая стратегия"
    }
  },
  {
    "model":"companies.service",
    "pk":15144,
    "fields":{
      "category":1284,
      "name":"Маркетинговая стратегия"
    }
  },
  {
    "model":"companies.service",
    "pk":15145,
    "fields":{
      "category":1284,
      "name":"Контент-маркетинг"
    }
  },
  {
    "model":"companies.service",
    "pk":15146,
    "fields":{
      "category":1284,
      "name":"Рекламная рассылка"
    }
  },
  {
    "model":"companies.service",
    "pk":15147,
    "fields":{
      "category":1284,
      "name":"Медиа планирование и закупки"
    }
  },
  {
    "model":"companies.service",
    "pk":15148,
    "fields":{
      "category":1284,
      "name":"Маркетинг и планирование мероприятий"
    }
  },
  {
    "model":"companies.service",
    "pk":15149,
    "fields":{
      "category":1284,
      "name":"Прямой маркетинг"
    }
  },
  {
    "model":"companies.service",
    "pk":15150,
    "fields":{
      "category":1284,
      "name":"Другие виды маркетинга"
    }
  },
  {
    "model":"companies.service",
    "pk":15151,
    "fields":{
      "category":1285,
      "name":"IT аутстаффинг"
    }
  },
  {
    "model":"companies.service",
    "pk":15152,
    "fields":{
      "category":1285,
      "name":"Видеопроизводство"
    }
  },
  {
    "model":"companies.service",
    "pk":15153,
    "fields":{
      "category":1285,
      "name":"ERP Консалтинг"
    }
  },
  {
    "model":"companies.service",
    "pk":15154,
    "fields":{
      "category":1285,
      "name":"Другие виды IT консалтинга"
    }
  },
  {
    "model":"companies.service",
    "pk":15155,
    "fields":{
      "category":1285,
      "name":"Консалтинг по унифицированным коммуникациям"
    }
  },
  {
    "model":"companies.service",
    "pk":15156,
    "fields":{
      "category":1285,
      "name":"Дизайн интерьера"
    }
  },
  {
    "model":"companies.service",
    "pk":15157,
    "fields":{
      "category":1285,
      "name":"Озвучка"
    }
  },
  {
    "model":"companies.service",
    "pk":15158,
    "fields":{
      "category":1285,
      "name":"CRM Консалтинг"
    }
  },
  {
    "model":"companies.service",
    "pk":15159,
    "fields":{
      "category":1285,
      "name":"IT управление"
    }
  },
  {
    "model":"companies.service",
    "pk":15160,
    "fields":{
      "category":1285,
      "name":"Видео трансляции"
    }
  },
  {
    "model":"companies.service",
    "pk":15161,
    "fields":{
      "category":1285,
      "name":"HR"
    }
  },
  {
    "model":"companies.service",
    "pk":15162,
    "fields":{
      "category":1285,
      "name":"ECM консалтинг"
    }
  },
  {
    "model":"companies.service",
    "pk":15163,
    "fields":{
      "category":1285,
      "name":"Бизнес консалтинг"
    }
  },
  {
    "model":"companies.company",
    "pk":11089,
    "fields":{
      "name":"Wollow",
      "description":"Мы разрабатываем и создаем надежные, отказоустойчивые программные системы, которые могут масштабироваться для миллионов пользователей. Мы увлечены Ruby on Rails и JavaScript и твердо верим в будущее открытого исходного кода. От продуктов до консультирования на месте или удаленно, поддержки и мобильной разработки, проверки архитектуры/кода и обучения — наши технические ноу-хау помогают бизнесу наших клиентов развиваться.\nС момента своего основания в 2010 году Wollow стала надежным партнером различных частных предприятий и образовательных учреждений, правительственных организаций и учреждений, бизнес-консультантов и предпринимателей.\n\nИмея более 12 лет работы в бизнесе, более 100 успешных реализованных проектов по разработке программного обеспечения и среднюю оценку 4,9 (из 5) звезд от наших клиентов, мы объединяем продуктивную и опытную команду с методологией, снижающей риски. Wollow является успешной компанией благодаря своим людям, накопленному опыту и авторитетной работе.",
      "email":"office@wollow-soft.com",
      "address":"Кожевническая улица, 10с1,  115477, Москва, Россия",
      "logo":"companies/logo/Wollow.jpg",
      "website":"https://wollow-soft.com/",
      "team_size":10,
      "year_founded":2010,
      "services":[
        15105,
        15106,
        15113,
        15121,
        15122,
        15128,
        15131,
        15132
      ],
      "industries":[
        6941,
        6942,
        6945,
        6953,
        6962
      ]
    }
  },
  {
    "model":"companies.company",
    "pk":11090,
    "fields":{
      "name":"IT Brick",
      "description":"Разработка мобильных приложений и веб-сервисов, сложных систем и стартапов. Мы помогаем предпринимателям сделать процессы понятными и контролируемыми, оптимизировать работу, автоматизировать рутину, производить сложные расчеты в один клик и не забывать об удобстве для пользователя.\n\nМы умеем выбирать решения, комфортные в компании.\n\n- Разработка приложений с картами и геолокацией\n\n- Автоматизация бизнес-процессов компании\n\n- Разработка стартапа\n\n- Создание торговой площадки",
      "email":"info@itbrick.ru",
      "address":"ул. Щапова, 14, 420012, Казань, Россия",
      "logo":"companies/logo/ITBrick.png",
      "website":"https://www.itbricksoft.com/",
      "team_size":10,
      "year_founded":2010,
      "services":[
        15105,
        15113,
        15122,
        15131
      ],
      "industries":[
        6940,
        6942,
        6943,
        6944,
        6946,
        6947,
        6959,
        6960
      ]
    }
  },
  {
    "model":"companies.company",
    "pk":11091,
    "fields":{
      "name":"ZUZEX",
      "description":"ZUZEX — IT-компания, занимающаяся разработкой программного обеспечения на заказ. Наши специалисты разрабатывают сайты и приложения любой сложности для компаний и индивидуальных клиентов из США, Европы и Азии.\n\nКомпания основана в 2008 году, и сегодня мы выросли до более чем 100 IT-специалистов, осуществляющих полный цикл услуг в области разработки программного обеспечения.",
      "email":"ask@zuzex.com",
      "address":"Обсерваторная улица, 82, 344000, Ростов-на-Дону, Россия",
      "logo":"companies/logo/ZUZEX.png",
      "website":"https://www.zuzex.com/",
      "team_size":50,
      "year_founded":2008,
      "services":[
        15113,
        15115,
        15123,
        15131
      ],
      "industries":[
        6943,
        6948,
        6950,
        6951,
        6961,
        6963
      ]
    }
  },
  {
    "model":"companies.company",
    "pk":11092,
    "fields":{
      "name":"Globus Ltd",
      "description":"Создаем веб-сервисы разного функционала и сложности; Наша команда имеет большой опыт разработки высоконагруженных проектов. Мы создаем дружественный и интуитивно понятный интерфейс для исключительного пользовательского опыта и надежную серверную часть для стабильной работы вашего продукта.\n\nПолный цикл разработки: исследования, проектирование и прототипирование, разработка, публикация, обслуживание и дальнейшее улучшение ваших продуктов.\n\nМы являемся экспертами в выявлении и решении сложных бизнес-задач.",
      "email":"contact@globus-ltd.com",
      "address":"улица Земляной Вал, 52а/3, 109004, Москва, Россия",
      "logo":"companies/logo/GlobusLtd.png",
      "website":"https://globus-ltd.ru/",
      "team_size":50,
      "year_founded":2010,
      "services":[
        15105,
        15131,
        15151
      ],
      "industries":[
        6940,
        6942,
        6943,
        6950
      ]
    }
  },
  {
    "model":"companies.company",
    "pk":11093,
    "fields":{
      "name":"kinocompania",
      "description":"Кинокомпания — независимая кинопроизводственная компания, созданная в Москве.\n\nМы производим короткометражные фильмы, художественные фильмы, веб-сериалы и рекламу.\n\nМы предлагаем разнообразные творческие и инновационные услуги, всегда учитывая видение клиента. С помощью новаторских технологий и инструментов мы стремимся вывести визуальное повествование на новый уровень.",
      "email":"info@kinocompania.com",
      "address":"Дубининская улица, 115054, Москва, Россия",
      "logo":"companies/logo/kinocompania.png",
      "website":"https://kinocompania.com/",
      "team_size":2,
      "year_founded":2021,
      "services":[
        15132,
        15133,
        15142,
        15143,
        15145,
        15147,
        15148
      ],
      "industries":[
        6940,
        6942,
        6944,
        6948,
        6954,
        6955,
        6964
      ]
    }
  },
  {
    "model":"companies.company",
    "pk":11094,
    "fields":{
      "name":"Southmedia",
      "description":"Помогаем увеличить продажи.\n\nВы ставите перед нами любую маркетинговую задачу – мы ее решаем. И вы хотите продолжать работать с нами. Потому что мы понимаем ваши бизнес-процессы и предлагаем то, что подходит именно вам. Мы знаем все ходы, правила и тонкости. У нас 14 лет опыта, более 50 экспертов, арсенал проверенных инструментов и страсть к экспериментам. И доказательство компетентности есть в наших случаях.",
      "email":"hello@southmedia.ru",
      "address":"ул. Селезнёва, 88/1, 350075, Краснодар, Россия",
      "logo":"companies/logo/Southmedia.png",
      "website":"https://southmedia.ru/",
      "team_size":10,
      "year_founded":2008,
      "services":[
        15121,
        15122,
        15123,
        15128,
        15132,
        15134,
        15143
      ],
      "industries":[
        6941,
        6949,
        6955
      ]
    }
  },
  {
    "model":"companies.company",
    "pk":11095,
    "fields":{
      "name":"Admitad",
      "description":"Admitad — глобальная IT-компания. Мы строим долгосрочные партнерские отношения для стимулирования и управления ростом доходов.\nМы создаем и развиваем инструменты, которые помогают увеличить продажи бизнеса и монетизировать трафик инфлюенсеров. В портфолио компании есть платформы для эффективного партнерства, такие как Partner Network, Monetize Network и ConvertSocial. А также инструменты, упрощающие работу партнеров, такие как Tapfiliate, Instant Pay и Earings Wallet.\nAdmitad специализируется на партнерском маркетинге (цена за действие), а это означает, что мы прилагаем все усилия, чтобы сделать интернет-рекламу высокоэффективной.\nКакова концепция нашей работы?\nAdmitad объединяет издателей и рекламодателей на одной платформе и помогает им найти друг друга.\nРекламодатель – компания, стремящаяся прорекламировать свой товар в Интернете и увеличить продажи.\nИздатель — это человек или компания, которые знакомят аудиторию с продуктами рекламодателя и приводят конечных клиентов.\nМы предоставляем рабочие инструменты, обучение и консультационные услуги, чтобы каждый партнер мог чувствовать себя уверенно в результате деловой деятельности.\nПреимущества партнерского маркетинга для бизнеса:\nповышение узнаваемости бренда и лояльности пользователей\nпривлечение новых потребителей и возврат существующих\nспособность прогнозировать и регулярные маркетинговые затраты\nрост количества заказов и продаж\nдля веб-мастеров:\nвозможность монетизировать трафик с сайтов\nобучение и инструменты\nвозможность работать с мировыми брендами для увеличения прибыли\nПреимущества работы с Admitad\nОбе стороны могут чувствовать себя в безопасности, поскольку рабочий процесс Admitad прозрачен, измерим и справедлив. Мы предоставляем систему отслеживания и отчеты о заказах, защиту личных данных, удобные платежи, круглосуточную поддержку, контроль качества рекламодателей и веб-мастеров и важные инструменты для простого, но продуктивного партнерства.",
      "email":"welcome@admitad.ru",
      "address":"Новодмитровская ул., 2, к. 1, 127015, Москва, Россия",
      "logo":"companies/logo/Admitad.jpg",
      "website":"https://www.admitad.ru/",
      "team_size":250,
      "year_founded":2009,
      "services":[
        15139
      ],
      "industries":[
        6940,
        6948
      ]
    }
  },
  {
    "model":"companies.company",
    "pk":11096,
    "fields":{
      "name":"Magic Production",
      "description":"MAGIC Production — компания по производству видео полного цикла. Наша миссия — создавать качественный и эффективный контент на оптимальных условиях и всегда быть надежным партнером для наших клиентов. Разнообразный опыт нашей команды дает глубокое понимание особенностей съемочного процесса, что позволяет нам выстраивать эффективную коммуникацию с нашими клиентами и реализовывать проекты любой сложности.\n\nНаша компания осуществляет полный цикл производства: Коммерческое ТВ+ОЛВ, Фото, Кино, Документальное, Экранное кино, Анимация, Моушен, Stop Motion, 3d, Пищевое производство, Фабрика контента (видео и фото) + Креатив ++SMM Можем возьмем на себя любые этапы производства от идеи до готового изделия любой сложности + продвижение.",
      "email":"studio@magicproduction.ru",
      "address":"г. Москва, ул большая Татарская 20 стр 1",
      "logo":"companies/logo/MagicProduction.png",
      "website":"https://magicproduction.ru/",
      "team_size":10,
      "year_founded":2006,
      "services":[
        15142,
        15145
      ],
      "industries":[
        6940,
        6948,
        6954,
        6955
      ]
    }
  },
  {
    "model":"companies.company",
    "pk":11097,
    "fields":{
      "name":"Rose ",
      "description":"Основанная в 1984 году, компания Rose предоставляет комплексные маркетинговые и креативные стратегии некоторым самым известным мировым брендам. Такие организации, как Coca-Cola, Gilette, GlaxoSmithKline, Lexus, Procter & Gamble, Richemont Group, Samsung, Starbucks, Tourism Malaysia и многие другие, полагаются на Роуз за его креативность, инновационное мышление, знание рынка и более чем 30-летний опыт работы. помогите им рассказать свои истории. Услуги включают в себя связи с общественностью; реклама и дизайн; цифровой маркетинг, социальные сети и влиятельный маркетинг; события и впечатления; вознаграждения и рекламные акции, а также корпоративные коммуникации.",
      "email":"hello@rosecreative.marketing",
      "address":"Дербеновская наб., 7, Новоспасский двор\nМосква 115114\nРоссия",
      "logo":"companies/logo/Rose.png",
      "website":"https://rosecreative.marketing/",
      "team_size":50,
      "year_founded":1985,
      "services":[
        15133,
        15142,
        15143,
        15144,
        15145,
        15147,
        15148
      ],
      "industries":[
        6945,
        6951,
        6954,
        6955,
        6957,
        6958
      ]
    }
  },
  {
    "model":"companies.company",
    "pk":11098,
    "fields":{
      "name":"Techforward ",
      "description":"Техфорвард предоставляет следующие услуги:\nПоддержка решений SAP и интеграция со сторонними системами\nУлучшение системы SAP\nИндивидуальная разработка ИТ-решений и продуктов\nУвеличение и аутсорсинг ИТ-персонала\nОбладая опытом внедрения и поддержки решений международных поставщиков и разнообразным портфелем технологий, Techforward помогает компаниям переходить на отечественные программные решения и превосходно разрабатывает решения для эффективного управления различными бизнес-процессами предприятия.",
      "email":"info@techforward.ru",
      "address":"105066, Москва, РФ вн.тер.г. Муниципальный округ Басманный, ул. Нижняя Красносельская, д. 35 стр. 5, этаж 2, пом. 209",
      "logo":"companies/logo/Techforward.png",
      "website":"https://techforward.ru/",
      "team_size":250,
      "year_founded":2008,
      "services":[
        15113,
        15114,
        15153
      ],
      "industries":[
        6944,
        6946,
        6949,
        6952,
        6955,
        6962
      ]
    }
  },
  {
    "model":"companies.company",
    "pk":11099,
    "fields":{
      "name":"Web-integrator Stratosfera",
      "description":"Веб-интегратор Стратосфера работает с 2010 года. Мы занимаемся разработкой компьютерного программного обеспечения. С начала 2021 года мы начали работать по системе аутстаффа.\nСейчас в команде 60 разработчиков.\nМенеджмент базируется в Краснодаре, остальная часть команды распределена по территории России и стран ближнего зарубежья.\nМы организуем конференцию Stratoconf, крупнейшую на Юге России конференцию по информационным технологиям за последние 2 года.",
      "email":"info@stratosfera.digital",
      "address":"Краснодар, ул. Янковского, д. 169, оф. 1207",
      "logo":"companies/logo/WebintegratorStratosfera.png",
      "website":"https://stratosfera.digital/",
      "team_size":50,
      "year_founded":2010,
      "services":[
        15105,
        15131
      ],
      "industries":[
        6940,
        6942,
        6945,
        6946,
        6947
      ]
    }
  },
  {
    "model":"companies.company",
    "pk":11100,
    "fields":{
      "name":"Shinkin family branding agency\n\n",
      "description":"Наша сила — это продуктовый и корпоративный брендинг, который заставляет людей влюбляться. Примеры здесь https://shinkin.family/\nМы также создаем то, что нужно любому бизнесу: презентации, буклеты, маркетинговые комплекты, каталоги и лендинги.\nМы уже в пути, если вам нужно упаковать свой бизнес или создать лучшую упаковку для вашего продукта.\nО нас:\nМы давно занимаемся брендингом, у нас сильная и небольшая команда. Быстро, вникая в суть, и сразу то, что нужно.\nМы знаем, как сложно найти товар на полке, поэтому поддерживаем наших клиентов и помогаем по мере необходимости.\nНаши клиенты — производители продуктов питания, консультанты, девелоперы HoReCa, клиники, инженеры, блоггеры и даже организаторы мероприятий.\nПри желании легко работать в разных стилях и направлениях дизайна, и мы считаем, что у нас есть все необходимое, чтобы сделать для вас что-то уникальное и выдающееся.\nМы здесь, чтобы найти долгосрочные отношения с клиентами, которые хотят вместе сделать что-то великое. Мы любим учиться и расширять свои знания, чтобы идти в ногу с новейшими технологиями и тенденциями дизайна.\nХотите создать что-то великое? Тогда давайте работать вместе!",
      "email":"vladshinkin@gmail.com",
      "address":"Северная улица 405 Краснодар 350072 Россия",
      "logo":"companies/logo/Shinkinfamilybrandingagency.jpeg",
      "website":"https://shinkin.family",
      "team_size":10,
      "year_founded":2016,
      "services":[
        15123,
        15126,
        15128,
        15129
      ],
      "industries":[
        6942,
        6943,
        6944,
        6947,
        6949,
        6952,
        6962,
        6963
      ]
    }
  },
  {
    "model":"companies.company",
    "pk":11101,
    "fields":{
      "name":"Directline Digital Agency",
      "description":"Мы занимаемся комплексным продвижением сайтов и увеличиваем продажи с 2007 года. Используем собственные автоматизированные инструменты анализа конкурентов.\nНа данный момент в компании работают 70 специалистов. За время нашей деятельности мы реализовали более 1200+ успешных проектов по России и США.\nНаши сотрудники являются экспертами важных конференций в области маркетинга и цифровых технологий.",
      "email":"info@directline.pro",
      "address":"630112, г. Новосибирск, ул. Фрунзе 230, офис 302",
      "logo":"companies/logo/DirectlineDigitalAgency.png",
      "website":"https://www.directline.pro",
      "team_size":50,
      "year_founded":2007,
      "services":[
        15122,
        15131,
        15132,
        15133,
        15134,
        15145
      ],
      "industries":[
        6940,
        6945,
        6946,
        6962
      ]
    }
  },
  {
    "model":"companies.company",
    "pk":11102,
    "fields":{
      "name":"Cetera Labs",
      "description":"Создание, поддержка, развитие и продвижение интернет-магазинов\n\nКлючевые факты\n\nНаше преимущество — модель комплексного абонентского безлимитного создания, развития, поддержки и продвижения интернет-проектов.\nРазвиваем Cetera CMS ­­— бесплатную российскую систему управления сайтами, интернет-магазинами и интернет-СМИ с открытым исходным кодом. Создайте сайт, интернет-магазин или интернет-СМИ бесплатно за 2 минуты.\nБолее 250 штатных сотрудников. Нанимаем везде. Обучаем. Не сотрудничаем с фрилансерами и субподрядчиками. Верим в удалённую работу.\nРаботаем с 2002 года дистанционно c клиентами по всему миру.\nРеализовали более 1 000 проектов.\nОбширный технологический стек. Множество поддерживаемого ПО.\nРеальная консалтинговая поддержка от экспертов с опытом.\nУстанавливаем партнёрские отношения.",
      "email":"welcome@cetera.ru",
      "address":"117218, Москва, улица Кржижановского, дом 29, корпус 5, этаж 2, офис 225.",
      "logo":"companies/logo/CeteraLabs.jpg",
      "website":"https://cetera.ru",
      "team_size":50,
      "year_founded":2001,
      "services":[
        15131,
        15132
      ],
      "industries":[
        6941,
        6951,
        6952
      ]
    }
  },
  {
    "model":"companies.company",
    "pk":11103,
    "fields":{
      "name":"Digital Lab",
      "description":"Digital Lab — интегратор цифровых решений. Уже 10 лет мы работаем с российскими и зарубежными клиентами. Наша специализация: интернет-маркетинг, веб- и мобильная разработка, веб-дизайн, производство видео и графики, создание и реализация рекламных кампаний в Интернете.\nС 2010 года мы реализовали более 600 различных проектов для крупных компаний практически во всех отраслях экономики, сотрудничали с креативными и рекламными агентствами, что позволило нам приобрести обширные контакты и серьезные компетенции.\nМы делаем это для того, чтобы бизнес клиента стал узнаваемым, эффективным и приносил больше дохода. Мы разрабатываем сайты и мобильные приложения, создаем игровые механики, проводим сложные интеграции с ERP, программами лояльности, занимаемся дизайном, снимаем рекламу и рисуем сложную графику, а также проводим всю необходимую экспертизу и аналитику. Мы разрабатываем и проводим омниканальные рекламные кампании по таким каналам, как Яндекс.Директ, Google Adwords, ВК, МТ, FB, Programmatic и другие.\nНа данный момент в компании работает более 60 сотрудников. Наша команда — это страстные энтузиасты и трудоголики, сообщество талантливых людей творческих и технических профессий, решающих проблемы клиента 24/7.\nDigital Lab работает в различных клиентских отраслях: FMCG, банковское дело, финансы и страхование, медицина и фармацевтика, туризм, розничная торговля и электронная коммерция, IT, онлайн-сервисы, порталы и многие другие.\nСреди наших клиентов PepsiCo, Mail.ru Group, Домодедово, Лаборатория Касперского, X5 Retail Group, Леруа Мерлен, Сбербанк, Альфа-Банк, ВТБ, Росбанк, Банк Открытие, Госкорпорация Ростех, Триколор ТВ, сеть магазинов «Дикси», сеть магазинов «Виктория». магазины, сеть супермаркетов «Верный», сеть магазинов «Магнит», «Хендерсон», торговая сеть «Л'Этуаль», «Делимобиль», сеть аптек «Ригла» и многие другие. Также мы работаем с крупнейшими агентствами: BBDO, OMD, Havas, Publicis и другими.",
      "email":"info@digital-lab.ru",
      "address":"г. Москва, ул. Советской Армии д.6",
      "logo":"companies/logo/DigitalLab.png",
      "website":"https://digital-lab.ru",
      "team_size":50,
      "year_founded":2009,
      "services":[
        15121,
        15131,
        15133
      ],
      "industries":[
        6940,
        6941,
        6942,
        6944,
        6945,
        6948,
        6950
      ]
    }
  },
  {
    "model":"companies.company",
    "pk":11104,
    "fields":{
      "name":"Rubius",
      "description":"Rubius - компания по разработке программного обеспечения с 15-летним опытом. Среди наших клиентов IKEA, Samsung и IBM, а также более 150 промышленных и ИТ-компаний из России, США, Кореи, Чехии, Франции, Германии и Японии.\n\nВ нашей команде более 150 разработчиков, 300 реализованных проектов и статус Microsoft Gold Certified Partner.\n\nМы обеспечиваем комплексную разработку: создаем концепцию и техническое задание, пишем и тестируем код, развертываем проект и обучаем пользователей. Мы стараемся найти простое и эффективное решение. Это повышает качество разработки и снижает ее стоимость в 2-3 раза.\n\nКоманда Rubius разрабатывает для различных платформ (мобильных, десктопных, веб-), используя ряд языков (C #, C ++, JS) и технологий (AR / VR; Веб и облако: ASP.NET MVC, NodeJS; Мобильные устройства: Xamarin, Компьютерное зрение, 3D: Unity, Unreal, Blend4Web). Мы также занимаемся передовыми исследованиями в области искусственного интеллекта, виртуальной и дополненной реальности.\n\nУслуги:\n\nРазработка программного обеспечения на заказ\nТестирование\nИТ-консалтинг\nСпециализированные центры разработки",
      "email":"info@rubius.com",
      "address":"Томск,\nНахимова 13/1\n634045",
      "logo":"companies/logo/Rubius.jpg",
      "website":"https://rubius.com/ru",
      "team_size":249,
      "year_founded":2006,
      "services":[
        15105,
        15109,
        15113,
        15131
      ],
      "industries":[
        6940,
        6943,
        6946,
        6952,
        6956
      ]
    }
  },
  {
    "model":"companies.company",
    "pk":11105,
    "fields":{
      "name":"INOSTUDIO",
      "description":"INOSTUDIO - компания по разработке программного обеспечения премиум-класса, специализирующаяся на корпоративных системах и уникальных ИТ-решениях.\nОсновная цель INOSTUDIO - помочь нашим клиентам улучшить их бизнес или реализовать их уникальные идеи. Мы устраняем трудности, связанные со сложным процессом разработки программного обеспечения и выбором надежного поставщика ИТ-продуктов. Мы фокусируемся на бизнес-целях и используем таланты, инновации и многолетний опыт, накопленный компанией и ее сотрудниками.\nВ своей работе мы используем инновационные технологии, привлекаем высококвалифицированных и мотивированных сотрудников, фокусируемся на построении долгосрочных отношений, приносящих максимальную пользу. Мы рассматриваем наших клиентов как партнеров, являясь для них надежными, честными и прозрачными.",
      "email":"deal@inostudio.com",
      "address":" г. Таганрог, ул. Октябрьская, 39, 347904",
      "logo":"companies/logo/INOSTUDIO.png",
      "website":"https://inostudio.com/",
      "team_size":249,
      "year_founded":2005,
      "services":[
        15105,
        15106,
        15121,
        15122,
        15131
      ],
      "industries":[
        6941,
        6944,
        6947
      ]
    }
  },
  {
    "model":"companies.company",
    "pk":11106,
    "fields":{
      "name":"Artezio",
      "description":"Artezio - компания по разработке программного обеспечения, сертифицированная по стандарту ISO 9001: 2015. С момента основания в 2000 году Artezio выполнила более 1000 проектов для своих международных корпоративных клиентов. Компания стала одним из ключевых игроков на европейском / американском рынке аутсорсинга разработки программного обеспечения. Artezio обладает глубоким опытом в отраслевых областях: финансы, технологии (интернет и ISV), здравоохранение, электронная коммерция.\nУслуги:\nРазработка программного обеспечения\nБизнес-анализ и консалтинг\nТехнологический консалтинг\nОбеспечение и контроль качества программного обеспечения\nПостоянная поддержка и техническое обслуживание\nСоздание и эксплуатация центров разработки на шельфе / вблизи берега\nАутстаффинг ИТ-персонала\nПродукты:\nКонструктор диаграмм Artezio для Windows 10\nОтслеживание стоимости iPhone\nФоторепортаж\nСлужба поддержки\nПрограмма просмотра Gantt\nКанбан-доска для Jira",
      "email":"welcome@artezio.ru",
      "address":"г. Москва, Пятницкое шоссе, д. 24, с.1, каб. 24, 125310",
      "logo":"companies/logo/Artezio.png",
      "website":"https://www.artezio.ru",
      "team_size":999,
      "year_founded":2001,
      "services":[
        15105,
        15106,
        15108,
        15109,
        15111,
        15113,
        15115,
        15117,
        15119,
        15121,
        15122,
        15131,
        15158
      ],
      "industries":[
        6940,
        6942,
        6951,
        6953,
        6961
      ]
    }
  },
  {
    "model":"companies.company",
    "pk":11107,
    "fields":{
      "name":"Garpix",
      "description":"Мы разрабатываем высококачественные порталы, интегрированные веб-системы и мобильные приложения, направленные на автоматизацию вашего бизнеса.\nGARPIX - цифровой интегратор, объединяющий более 100 разработчиков непосредственно в офисе. Наш технологический стек очень разнообразен для решения сложных задач, требующих знания различных языков программирования, именно поэтому мы реализуем проекты без привлечения сторонних разработчиков (проект \"под ключ\").\nНаш бизнес - это сочетание консалтинговых исследований, технологической компетентности и опыта в области проектирования и разработки интерфейсов.\nМы начинаем наш процесс разработки с глубокогоанализа потребностей вашего бизнеса, уже установленных систем, анализа UX / UI, а затем предлагаем варианты веб-дизайна и технические решения именно для вашего будущего проекта.\nТехнический стек:\nСерверная часть: Python, Django, Flask, PHP, Laravel, Yii2, Pyramid, Tornado, Celery, REST API, WebSocket, TensorFlow, Keras, SciPy, NumPy, GraphQL\nмобильные устройства: Swift, Kotlin, Java\nБаза данных: MySQL, NoSQL, PostgreSQL, MongoDB, Redis\nИнтерфейс: Angular, TypeScript, AngularJS, ES6, Vue.js, React, JavaScript, AJAX, jQuery, Less, Sass, CSS3, HTML5\nCI / CD: Gitlab CI, Circle CI, Jenkins, Docker\nВ Garpix мы можем легко воплотить ваши идеи в успешные цифровые продукты. Хотите узнать больше?\nСвяжитесь с нами",
      "email":"inbox@garpix.com",
      "address":"Ул. Свободная, 2А, стр. 1\nИваново 153000",
      "logo":"companies/logo/Garpix.png",
      "website":"https://garpix.com/",
      "team_size":249,
      "year_founded":2010,
      "services":[
        15105,
        15113,
        15121,
        15131,
        15132
      ],
      "industries":[
        6940,
        6941,
        6944,
        6949,
        6950,
        6952,
        6959
      ]
    }
  },
  {
    "model":"companies.company",
    "pk":11108,
    "fields":{
      "name":"BAUART Group",
      "description":"BAUART Group объединяет команды талантливых профессионалов.\nНаша миссия - предоставлять высококачественные и крутые результаты в каждой из сфер нашей деятельности, превосходящие ожидания наших партнеров и клиентов.\nНаша команда состоит из более чем 30 самых талантливых специалистов, и мы создаем и разрабатываем современные веб-приложения с различными серверными функциями, такими как синтаксический анализ данных, многопоточная обработка данных, электронная коммерция, телекоммуникационные задачи (звонки, IVR и т.д.), онлайн-игры (шахматы, шашки) для наших клиентов и партнеров, в результате чего бизнес и проекты клиентов растут.\nОпыт:\n- Телекоммуникации (звонки, операторы связи, менеджеры по вызовам);\n- Недвижимость (строительство и девелопмент, недвижимость);\n- Онлайн-игры (онлайн-шахматные порталы);\n- Электронная коммерция.\n\nУ нас большой опыт в ВЕБ- и мобильной разработке с использованием новейших технологий:\n- PHP (Laravel) - для CRM, порталов, а не стандартных сервисов, таких как SaaS;\n- Node.js - для приложений реального времени, таких как онлайн-игры;\n- Vue.js - для интерактивных интерфейсов и СПА;\n- Python - для больших данных, компьютерного зрения и других задач обработки данных;\n- Java / Kotlin - для собственных мобильных приложений Android;\n- Flutter и Cordova - для кроссплатформенных мобильных приложений;\n- Базы данных - MySQL, Redis, MongoDB;\n- Unity - для разработки игр;\n- Ориентируйтесь на многопоточный API и микросервисы.\n\nДавайте обсудим ваши задачи и решим, как мы можем сотрудничать с вами.",
      "email":"web@bauart.pro",
      "address":"2-я Брянская, ул. 20К, 5 этаж, Красноярск 660048",
      "logo":"companies/logo/BAUARTGroup.png",
      "website":"https://bauart.pro/",
      "team_size":40,
      "year_founded":2010,
      "services":[
        15106,
        15121,
        15131
      ],
      "industries":[
        6941,
        6949,
        6950,
        6961,
        6965
      ]
    }
  },
  {
    "model":"companies.company",
    "pk":11109,
    "fields":{
      "name":"CodeInside",
      "description":"О нас\nМы - гибкая высокотехнологичная компания, базирующаяся в России, в центре Центрального ИТ-хаба.Мы занимаемся разработкой программного обеспечения уже 6 лет. Мы хороши в быстрой разработке высокопроизводительного и масштабируемого программного обеспечения. Наша основная цель - комплексные веб-системы B2B.\nОсновные компетенции\nНаши основные компетенции находятся в области разработки корпоративного программного обеспечения (JEE) и разработки встроенных систем (C ++ / C).\nДоменные зоны\nФинансы: электронные платежные системы, электронные кошельки, платежные терминалы, кредитные компании, блокчейн и биткоин\nРазработка корпоративных систем предприятия: автоматизация бизнес-процессов, интеграция веб-сервисов\nИнтернет вещей и встраиваемые системы\nТехнологический стек\nПлатформа JEE / JSE, криптография, BPMN, C / C ++ для встраиваемого программного обеспечения\nЯзыки программирования: Java, JavaScript, Ruby;\nЯзыки разметки: html, css, xml, json, yaml\nСерверные фреймворки: Spring Platform, Play Framework, Vaadin, Grails framework, Eclipse Platform, Activiti, EclipseLink, Hibernate, MyBatis, JMS, OSGI, веб-сервис (wsdl, xsd), Taskurotta, AngularJS, Lift framework, RoR;\nСистемы интеграции на открытом воздухе и ServiceMix;\nШифрование, электронные подписи;\nСистемы управления версиями: Git, SVN;\nКонтроль качества: Selenium, WebDriver, HtmlUnit, Jmeter, Hudson\nИнструменты для сборки: Maven, ivy, ant, gradle\nБазы данных: PostgreSQL, Oracle, H2\nIDE: IntelliJ IDEA, Eclipse\nОперационные системы: Debian, Ubuntu, Alt Linux, Windows.\nСистемы управления проектами: Assembla, Jira, Redmine, Asana, Youtrack.",
      "email":"office@codeinside.ru",
      "address":"г. Пенза, Суворова 66, 6 этаж",
      "logo":"companies/logo/CodeInside.jpg",
      "website":"https://codeinside.ru/",
      "team_size":49,
      "year_founded":2009,
      "services":[
        15109,
        15115,
        15117,
        15131
      ],
      "industries":[
        
      ]
    }
  },
  {
    "model":"companies.company",
    "pk":11110,
    "fields":{
      "name":"Softlex",
      "description":"Мы Softlex, команда из более чем 20 инженеров-программистов и звезд в области управления продуктами, которые способны работать над проектом от А до Я.\nСредний опыт работы в нашей команде составляет 6 лет, а это значит, что мы четко понимаем, как соблюсти сроки, предоставить высококачественный код и добиться результата. Наш обширный опыт помогает нам определить правильный путь разработки функций независимо от того, в какой сфере бизнеса работает ваша компания. За последние несколько лет мы участвовали более чем в 40 проектах - от блокчейн-приложений и веб-сервисов до корпоративных решений для распознавания голоса.\nНо, честно говоря, с некоторыми типами проектов мы сталкиваемся несколько чаще, чем с другими:\n- Логистические решения (CRM, ERP-системы, инструменты отслеживания и решения для внутренней диспетчеризации заданий);\n- Решения для отслеживания (автопарк, отслеживание автомобилей, отслеживание оборудования, интернет вещей и так далее);\n- Решения для путешествий (API-соединения с самыми известными OTA и платежными шлюзами); - Электронная коммерция (продукты и стартапы, которые продают что-либо онлайн клиентам b2b или b2c).;\nИногда мы ведем себя как менеджеры по продуктам, и наши стартапы достигли 45 миллионов долларов в 2019 году!\nО технологиях, которые мы используем (будут наиболее интересны ИТ-специалистам): Backend:\n- Python;\n- Node.js;\n- PHP;\n- DevOps, у нас есть большой опыт в управлении серверами, независимо от того, на какой платформе (Amazon, Google, Digital ocean и так далее);\nВсе наши разработчики четко понимают следующие термины: SOLID, такие шаблоны, как (Abstract factory, builder, dependency injection, singleton, decorator, RAII и так далее), мы используем CI / CD и docker.\nИнтерфейс:\n- Чистый JS;\n- Фреймворки JS (Vue.js, React и так далее);\n- Angular;\n- HTML, CSS, webpack и другие инструменты;\n\nМобильные приложения:\n- React native;\nData science:\n- Python;",
      "email":"hello@softlex.pro",
      "address":"Пионерская, 2ж, 22\nНоворосийск\n353900",
      "logo":"companies/logo/Softlex.png",
      "website":"https://softlex.pro/",
      "team_size":49,
      "year_founded":2017,
      "services":[
        15105,
        15106,
        15111,
        15113,
        15131
      ],
      "industries":[
        6941,
        6943,
        6945,
        6946,
        6948,
        6955,
        6960
      ]
    }
  },
  {
    "model":"companies.company",
    "pk":11111,
    "fields":{
      "name":"Ingate Digital Agency",
      "description":"Мы помогаем развивать бизнес - привлекаем клиентов из поисковых систем и повышаем узнаваемость бренда. Мы разрабатываем и реализуем комплексные стратегии привлечения клиентов из Интернета. Мы специализируемся на SEO, медийной интернет-рекламе, SMM, контекстной рекламе и управлении репутацией в социальных сетях. Сотрудники Ingate являются экспертами и модераторами важных конференций в области маркетинга и цифровых технологий.",
      "email":"info@ingate.ru",
      "address":"Каширское ш., 3, корп. 2, стр. 4, оф. 53, Москва, Россия",
      "logo":"companies/logo/IngateDigitalAgency.jpg",
      "website":"https://ingate.ru/",
      "team_size":250,
      "year_founded":2001,
      "services":[
        15132,
        15133,
        15142
      ],
      "industries":[
        
      ]
    }
  },
  {
    "model":"companies.company",
    "pk":11112,
    "fields":{
      "name":"ZeBrains",
      "description":"Компания ZeBrains создает веб-, десктопные и мобильные приложения для бизнеса.\n\nМы создаем сложные веб-проекты и мобильные приложения, обеспечиваем сопровождение проектов, а также оказываем услуги ИТ-аутсорсинга. Широкий технологический стек в области web, mobile, AR, VR, AI позволяет нам решать практически любые технические задачи в любой точке мира. Наша команда насчитывает более 100 профессионалов, готовых предоставить ИТ-решения для вашего бизнеса. Наши офисы расположены в Москве, Ульяновске, Краснодаре и Лондоне.\n\nМы работаем с такими компаниями, как WWF России, Auchan Retail, Legrand, Dab Pumps, Газпромбанк Лизинг, PPF Insurance, Согласие Страхование, Gelios Insurance, сеть магазинов оптики \"Очкарик\", Рольф Сервис, интернет-магазин \"Дочки-Сыночки\", Семейный доктор, Магнит, SFT Group и другие.",
      "email":"hello@zebrains.ru",
      "address":"улица Кузнецкий Мост, 21/5, Москва, Россия",
      "logo":"companies/logo/ZeBrains.png",
      "website":"https://www.zebrains.ru/",
      "team_size":50,
      "year_founded":2017,
      "services":[
        15105,
        15106,
        15109,
        15113,
        15131
      ],
      "industries":[
        
      ]
    }
  },
  {
    "model":"companies.company",
    "pk":11113,
    "fields":{
      "name":"\nNord Clan",
      "description":"Разработка программного обеспечения - это возможность для нас погрузиться в бизнес Заказчика, увидеть возможности для роста и реализовать их с помощью создания и внедрения цифровых сервисов.\n\nМы поможем вам:\n\n- Создание ИТ-продуктов \"под ключ\n\n- Обновление устаревшего программного обеспечения\n\n- Разработка базовой версии продукта (MVP), чтобы первыми выйти на рынок \n\n- Увеличение численности команды\n\nФокус на финансовых технологиях, решениях для туристического сектора, цифровом здравоохранении, облачных сервисах позволяет нам использовать динамику развития Заказчиков. Мы предоставляем результат точно в срок с первого раза.",
      "email":"welcome@nordclan.com",
      "address":"Ульяновск 432000, Россия",
      "logo":"companies/logo/NordClan.jpeg",
      "website":"https://nordclan.com/",
      "team_size":50,
      "year_founded":2018,
      "services":[
        15105,
        15106,
        15108,
        15113,
        15115,
        15118,
        15131
      ],
      "industries":[
        6944,
        6952
      ]
    }
  },
  {
    "model":"companies.company",
    "pk":11114,
    "fields":{
      "name":"INO Group",
      "description":"INO Group - коммуникационное агентство, предоставляющее полный цикл рекламных услуг.\n\nINO Group занимает 9-е место среди всех российских рекламных компаний и 1-е место среди агентств с головным офисом в Санкт-Петербурге (на основе двух основных рейтингов медиабюджетов в России, составленных АКАР и AdIndex.ru).\n\nКомпания была основана в 2005 году и с тех пор активно работает и развивается на рекламном рынке. INO Group - это команда динамичных профессионалов, всегда готовых к поиску инновационных решений. Руководители каждого агентства также отвечают за определенное направление внутри группы, что позволяет постоянно быть в курсе всех фаз проектов, быстро формировать совместные команды и эффективно решать задачи.",
      "email":"info@inog.ru",
      "address":"Россия, Санкт-Петербург, Невский пр., д. 104, БЦ Tempo, 4 этаж",
      "logo":"companies/logo/INOGroup.png",
      "website":"http://inog.ru/",
      "team_size":50,
      "year_founded":2005,
      "services":[
        15128,
        15133,
        15134,
        15142,
        15143,
        15147,
        15148
      ],
      "industries":[
        
      ]
    }
  },
  {
    "model":"companies.company",
    "pk":11115,
    "fields":{
      "name":"Whitescape",
      "description":"Whitescape - это хорошо укомплектованная команда разработчиков с более 150 реализованныx проектов. Кроме того, мы вывели на рынок два успешных собственных стартапа - Riders (500 тыс. пользователей) и Uploadcare (200 млн. файлов).\n\nНезависимо от масштаба и текущей стадии проекта мы предлагаем уникальные решения, жесткие сроки исполнения и лучшую экспертизу.\n\nМы гордимся своим процессом управления, отслеживая реализацию ваших идей от прототипа до запуска.\n\nС момента основания Whitescape в 2008 году наша команда выросла до 17 специалистов, но в течение последних шести лет остается стабильной - для нас важнее качество, чем количество, поэтому мы нанимаем только тех, кто привносит в работу свежий и инновационный опыт.\n\nТак мы добиваемся результатов.",
      "email":"hello@whitescape.com",
      "address":"191186, Санкт-Петербург, Ленгипромаш",
      "logo":"companies/logo/Whitescape.png",
      "website":"https://whitescape.com/",
      "team_size":17,
      "year_founded":2008,
      "services":[
        15105,
        15106,
        15122,
        15131
      ],
      "industries":[
        
      ]
    }
  },
  {
    "model":"companies.company",
    "pk":11116,
    "fields":{
      "name":"Digital Design",
      "description":"С 1992 года компания Digital Design, входящая в TOP20 разработчиков программного обеспечения в России и являющаяся золотым сертифицированным партнером Microsoft, способствует цифровой трансформации ряда ведущих компаний по всему миру, создавая корпоративные программные решения и предоставляя инновационные ИТ-услуги. На счету Digital Design более 5 тыс. успешных проектов для организаций различных отраслей, включая Carlsberg Group, Heineken, Johnson & Johnson, Tetra Pac, Novartis, Knauf, Сбербанк, РЖД, Газпром, Prince's Trust и многие другие.  \n\nБолее 500 предприятий из более чем 30 стран мира выбрали Digital Design в качестве надежного и стабильного драйвера цифровой трансформации и поставщика ИТ-решений благодаря следующим преимуществам: \n\nКрупные центры разработки в Восточной Европе \n27+ лет опыта в области веб-разработки в различных областях \n500+ высококвалифицированных технических специалистов \nКонкурентоспособное предложение и отличное соотношение цена-качество  \nПолностью собственная команда \nСоответствие стандартам качества (сертификаты ISO, ISO/IEC, SEI CMMI, EFQM).",
      "email":"info@digdes.com",
      "address":"199178, Россия, Санкт-Петербург, наб. реки Смоленки, д. 33",
      "logo":"companies/logo/DigitalDesign.png",
      "website":"https://digdes.ru/",
      "team_size":500,
      "year_founded":1992,
      "services":[
        15105,
        15107,
        15109,
        15110,
        15113,
        15119,
        15120,
        15122,
        15131,
        15162
      ],
      "industries":[
        6942,
        6944,
        6953,
        6959
      ]
    }
  },
  {
    "model":"companies.company",
    "pk":11117,
    "fields":{
      "name":"Aspirity",
      "description":"Aspirity - бутик-агентство UX/UI и front-end разработки.\n- Мы - сильная команда из 25 сибирских ребят.\n- Фокусировка на UX/UI дизайне и фронтенде на ReactJs.\n- Специализация - программное обеспечение для управления и администрирования\n\nУслуги:\nUX-прототипирование\nЕсли у вас есть идея стартапа, вы хотите представить ее инвесторам или заинтересованным лицам, мы создадим интерактивные прототипы вашего будущего программного обеспечения.\n\nРедизайн UX/UI\nЕсли вы хотите обновить пользовательский интерфейс и улучшить UX существующего программного обеспечения, мы предложим решение, соответствующее вашему бюджету. От легкой модернизации до полного редизайна.\n\nFront-end разработка\nМы можем создать богатый и быстрый пользовательский интерфейс на основе существующего API или создать бэкенд с нуля.\n\nНесколько фактов о нашей компании:\nВ нашей компании 25 человек, все они работают в одном офисе в Центральной Сибири, где до сих пор по улицам ходят медведи, но есть много отличных университетов и талантливых людей.\nВ нашем рабочем процессе есть менеджеры проектов, разработчики, UX/UI-дизайнеры и QA-инженеры.\nВсе наши проекты разрабатываются с использованием agile-процесса Scrum. Каждые две недели мы демонстрируем результаты нашей работы заказчику в рамках демонстрационного спринта.\n",
      "email":"hi@aspirity.com",
      "address":"660001, Россия, г. Красноярск, ул. Ладо Кецховели, 22а, офис 11-16,",
      "logo":"companies/logo/Aspirity.png",
      "website":"https://www.aspirity.ru",
      "team_size":40,
      "year_founded":2015,
      "services":[
        15114,
        15121,
        15122,
        15131
      ],
      "industries":[
        
      ]
    }
  },
  {
    "model":"companies.company",
    "pk":11118,
    "fields":{
      "name":"ASD Technologies",
      "description":"Компания ASDTech - поставщик облачных решений на платформах OpenStack и Amazon Web Services. Компания была создана в 2012 году с целью вывести на рынок опыт разработки технически сложных систем. Наши специалисты успешно справляются с такими задачами облачных вычислений, как развертывание и настройка OpenStack/Ceph, проектирование масштабируемых и HA-компонентов, поддержка систем, услуги devops и CI/CD. Компания имеет большой опыт работы с современными языками распределенного программирования, такими как Python и C++. АСД является официальным партнером компаний Mirantis, Huawei, HP. Компания ASDTech является участником ИТ-кластера \"Сколково\".\n",
      "email":"sales@adstech.co",
      "address":"Россия, Инновационный центр Сколково,Большой бульвар, 42 ст. 1",
      "logo":"companies/logo/ASDTechnologies.png",
      "website":"https://asdco.ru/",
      "team_size":50,
      "year_founded":2011,
      "services":[
        15113,
        15119,
        15131,
        15151
      ],
      "industries":[
        
      ]
    }
  },
  {
    "model":"companies.company",
    "pk":11119,
    "fields":{
      "name":"Arello Mobile",
      "description":"Arello Mobile является экспертом в разработке мобильных приложений. Компания предоставляет различные \nрешения: разработка пользовательских приложений, программного обеспечения по требованию (SaaS) и корпоративного, разработка игр. Pushwoosh и AirOnApp, два основных сервиса Arello Mobile, призваны\nпомочь разработчикам программного обеспечения с наиболее востребованными функциями на рынке мобильной связи: интеграцией push-уведомлений и распространением и тестированием программного обеспечения OTA.\nКомпания Arello Mobile придерживается комплексного подхода к разработке программного обеспечения, при котором процесс разработки представляет собой сочетание глубоких знаний предметной области, отличных технических навыков и креативности.",
      "email":"welcome@arello.ru",
      "address":"630090\nРоссия,\nНовосибирск,\nул. Николаева, 13,\nофис 301",
      "logo":"companies/logo/ArelloMobile.png",
      "website":"http://arello-mobile.com",
      "team_size":249,
      "year_founded":2010,
      "services":[
        15105,
        15113,
        15131
      ],
      "industries":[
        
      ]
    }
  },
  {
    "model":"companies.company",
    "pk":11120,
    "fields":{
      "name":"Mobihunter",
      "description":"Mobihunter - ведущее креативное агентство мобильного маркетинга, предоставляющее услуги по привлечению пользователей, рекламе, комплексному продвижению, маркетингу влияния и созданию бренда. Мы помогаем нашим клиентам привлекать сотни тысяч новых пользователей каждый день, увеличивать доход и делать бизнес успешным.\n\nОбширный опыт и сильные навыки покупки медиа-материалов делают нас самым эффективным агентством и дают нам уникальные преимущества при работе с Facebook, Adwords, myTarget, Twitter и другими рекламными платформами.",
      "email":"mobihunter@mail.ru",
      "address":"Пл. А. Невского, 2,\nСанкт-Петербург,\nРоссия",
      "logo":"companies/logo/Mobihunter.png",
      "website":"https://mobihunter.co/",
      "team_size":49,
      "year_founded":2016,
      "services":[
        15128,
        15133,
        15136,
        15142,
        15143,
        15144
      ],
      "industries":[
        6941,
        6954,
        6959,
        6961,
        6965
      ]
    }
  },
  {
    "model":"companies.company",
    "pk":11121,
    "fields":{
      "name":"Finepromo",
      "description":"Finepromo Agency - это агентство цифрового маркетинга с полным спектром услуг, специализирующееся на предоставлении превосходных услуг в области SEM, SEO, аналитики, конверсий, репутации и социальных сетей. Мы увлечены работой с данными и стремимся помочь вашему бизнесу добиться успеха.\n\nМы нацелены на результат, и каждый клиент, с которым мы работаем, получает индивидуальный подход, и мы ценим наше постоянное обучение и развитие. Для нас важно быть на шаг впереди всех в нашей отрасли, поэтому мы работаем над тем, чтобы быть в курсе всех последних передовых практик, чтобы вам не приходилось этого делать. Дайте нам маркетинговую задачу, и мы будем использовать новейшие инструменты и стратегии для разработки решений.",
      "email":"info@finepromo.ru",
      "address":"ул. Николаева, 12,\nНовосибирск\n630090",
      "logo":"companies/logo/Finepromo.png",
      "website":"https://finepromo.ru/",
      "team_size":49,
      "year_founded":2009,
      "services":[
        15132,
        15134,
        15135,
        15136,
        15138,
        15142,
        15143,
        15163
      ],
      "industries":[
        6941,
        6942,
        6945,
        6948
      ]
    }
  },
  {
    "model":"companies.company",
    "pk":11122,
    "fields":{
      "name":"Synapse studio",
      "description":"Компания, занимающаяся веб-разработкой только на Drupal.Создавайте, поддерживайте, обновляйте, улучшайте, продвигайте веб-сайты.\n\nНекоторые факты о нас:\n\n* Более 40 сотрудников компании * 10 разработчиков Drupal * более 300 сайтов на drupal с 2009 года * Высокий опыт в маркетинге в России\n\nНаймите нас, если хотите сделать свой сайт современным\n\nПредложение включает в себя: * Обновление вашего сайта на Drupal 7 до Drupal 8 или перенос сайта без Drupal на Drupal 8. * Сделать ваш сайт удобным для мобильных устройств (адаптивным / отзывчивым).Цены предложения составляют от 899 до 1499 долларов.Полный процесс занимает 2-4 недели.",
      "email":"mail@synapse-studio.ru",
      "address":"Ленинградская, 71\nВологда 160000\nРоссия",
      "logo":"companies/logo/Synapsestudio.svg",
      "website":"https://synapse-studio.ru/",
      "team_size":249,
      "year_founded":2006,
      "services":[
        15131
      ],
      "industries":[
        6940,
        6963
      ]
    }
  },
  {
    "model":"companies.company",
    "pk":11123,
    "fields":{
      "name":"Siberian.pro LLC",
      "description":"Siberian.pro является мобильным разработчиком с цифровым управлением бизнесом. Мы работаем удаленно с 2015 года. Наша компания обладает богатым опытом в iOS, Android и веб-разработке: более 90 крупных проектов для 70 клиентов были разработаны с нуля. Компания специализируется на мобильных приложениях. Мы также создаем веб-сервисы, нейросетевые решения, машинное обучение и VR-решения.\n\nSiberian.pro мы всегда готовы помочь в развитии вашего бизнеса и предоставить одну из самых эффективных услуг по разработке программного обеспечения на заказ. У нас есть опыт не только в разработке, но и в цифровом маркетинге, QA и UI / UX.",
      "email":"sales@siberian.pro",
      "address":"Россия, Новосибирск, Инженерная улица, 5/9, офис 30\n",
      "logo":"companies/logo/SiberianproLLC.svg",
      "website":"https://siberian.pro/",
      "team_size":249,
      "year_founded":2016,
      "services":[
        15105,
        15121,
        15122,
        15131
      ],
      "industries":[
        6940,
        6942,
        6943,
        6944,
        6947,
        6950,
        6954,
        6955
      ]
    }
  },
  {
    "model":"companies.company",
    "pk":11124,
    "fields":{
      "name":"IceRock Development",
      "description":"IceRock Development создает приложения для iOS | Android | веб, которые приносят доход и привлекают пользователей.\n\nМы - команда разработчиков полного цикла с широким опытом работы, начиная от экспертов уровня магистра и заканчивая программистами-самоучками и любознательными творческими программистами. Поэтому проекты, над которыми мы работаем, часто являются новыми, передовыми, для различных платформ, для цифрового и личного использования, и требуют определенного склада ума, чтобы представить и воплотить их в жизнь. Мы специализируемся на разработке мобильных приложений (iOS и Android) и веб-решений (как серверных, так и интерфейсных).\n\nНаши знания и опыт позволяют нам эффективно решать задачи наших клиентов и создавать продукты высочайшего качества и удобства использования. IceRock разрабатывает приложения для предприятий и масс в различных отраслях промышленности.",
      "email":"info@icerockdev.com",
      "address":"Пресненская набережная, 12, Башня Федерация Восток,\nМосква 123100\nРоссия",
      "logo":"companies/logo/IceRockDevelopment.png",
      "website":"https://icerockdev.com/",
      "team_size":49,
      "year_founded":2013,
      "services":[
        15105,
        15106,
        15122,
        15131
      ],
      "industries":[
        6940,
        6944,
        6950
      ]
    }
  },
  {
    "model":"companies.company",
    "pk":11125,
    "fields":{
      "name":"Evrone",
      "description":"Evrone - инжиниринговая компания, успешно поставляющая высококачественные цифровые продукты более десяти лет. Обладая обширным опытом работы с широким спектром современных программных технологий, мы здесь, чтобы помочь вам разрабатывать уникальные сложные веб-проекты и стартапы.\n\n",
      "email":"mail@evrone.com",
      "address":"Пресненская наб., д. 6/2\nМосква, 123317\nРоссия",
      "logo":"companies/logo/Evrone.png",
      "website":"https://evrone.com/",
      "team_size":249,
      "year_founded":2007,
      "services":[
        15105,
        15109,
        15113,
        15117,
        15121,
        15131
      ],
      "industries":[
        6941,
        6942
      ]
    }
  },
  {
    "model":"companies.company",
    "pk":11126,
    "fields":{
      "name":"Auriga",
      "description":"Аурига — поставщик услуг в области исследований и разработок программного обеспечения, а также ИТ-аутсорсинговых услуг, зарегистрированный в США и управляющий центрами разработки в ЕС и России с 1990 года.\nАурига предлагает широкий спектр услуг в области программного обеспечения, включая исследования и разработки программного обеспечения и разработку продуктов, техническое обслуживание и поддержку, тестирование и контроль качества, реинжиниринг и портирование, настройку и интеграцию продуктов, а также ИТ-консалтинг.\nДеятельность Ауриги охватывает программное обеспечение для медицинских устройств, встраиваемые системы, мобильные решения, программное обеспечение системного уровня, мультимедиа, корпоративные и веб-приложения, социальные сети, облачные сервисы и автоматизированное тестирование.\nАурига предоставляет свои услуги клиентам в таких отраслях, как медицинское оборудование, автомобилестроение, промышленная автоматизация, телекоммуникации, мобильная связь, финансы, информационная безопасность, средства массовой информации и развлечений, бытовая электроника, образование, государственное управление, авионика, логистика, робототехника и т. д.",
      "email":"pr@auriga.ru",
      "address":"117587, Россия, г. Москва,\nВаршавское шоссе, д. 125, стр. 16А",
      "logo":"",
      "website":"https://auriga.ru/",
      "team_size":999,
      "year_founded":1989,
      "services":[
        15107,
        15115,
        15116,
        15131
      ],
      "industries":[
        6943,
        6955
      ]
    }
  },
  {
    "model":"companies.company",
    "pk":11127,
    "fields":{
      "name":"Websoft Depot",
      "description":"В Websoft Depot, агентстве удаленного ИТ-рекрутинга и веб-разработки, мы связываем ИТ-специалистов из России с компаниями в США для долгосрочных проектов. Мы экономим компаниям тысячи долларов в год. Мы обещаем быстрый ответ и отличное обслуживание клиентов. Мы делаем все возможное, чтобы подобрать вам профессионала, который соответствует вашей сфере деятельности.\nПроработав более десяти лет в ИТ-индустрии, мы почувствовали растущий спрос на высококвалифицированных веб-специалистов в США. Учитывая ограниченный кадровый резерв и шестизначные зарплаты, не каждый бизнес может позволить себе квалифицированного разработчика, но он нужен почти каждому бизнесу.\nИменно поэтому наша компания разработала бизнес-модель, подходящую для малого и среднего бизнеса. Наша модель помогает вам набирать квалифицированных подрядчиков из России, которые работают непосредственно под вашим руководством, в вашей команде, по вашим процессам, ежедневно общаясь с вами.\nНаша команда проводит собеседования, проверяет и фильтрует всех потенциальных кандидатов в соответствии с вашими требованиями. Партнерство с компанией в России позволяет легко лично проводить собеседования с разработчиками и проверять их опыт, прежде чем проводить с ними собеседование. Также полезно иметь доверенное лицо в округе, где находится ваш подрядчик.\nМы предлагаем все эти услуги за небольшую часть стоимости местных агентств по подбору персонала и других расходов, связанных с прямым трудоустройством на местах, таких как льготы, выходное пособие и так далее. Вы сразу заметите существенную экономию для вашей компании и получите конкурентное преимущество на рынке.",
      "email":"jen@websoftdepot.com",
      "address":"454048, Россия ,\nг. Челябинск , ул. Доватора, 6а, офис 23",
      "logo":"companies/logo/WebsoftDepot.svg",
      "website":"https://websoftdepot.com/",
      "team_size":9,
      "year_founded":2012,
      "services":[
        15105,
        15106,
        15131
      ],
      "industries":[
        
      ]
    }
  },
  {
    "model":"companies.company",
    "pk":11128,
    "fields":{
      "name":"Exceed Team",
      "description":"Команда Exceed существует для разработки выгодных решений для любого бизнеса. Мы предоставляем комплексные услуги разработки, используя современный стек JS, а также фреймворки, библиотеки и API, интегрирующие удобный интерфейс с бэкэндом, написанным на PHP (Laravel, Symfony, CodeIgniter и т. д.), Ruby/Ruby on Rails и масштабируемые базы данных, написанные на нем. MongoDB, PostgreSQL, MySQL, MariaDB, CassandraDB и т. д. или использование бессерверных технологий, таких как AWS.\nМы следуем практикам разработки на основе Agile Model и BDD/TDD. В нашей команде есть сильные профессионалы, которые готовы на практике применить свой обширный опыт для поиска и применения лучших технологий и бизнес-решений для решения ваших задач. ",
      "email":"welcome@itrum.ru",
      "address":"Нижняя Линия, 14\nТаганрог 347900\nРоссия",
      "logo":"companies/logo/ExceedTeam.jpg",
      "website":"https://exceed-team.com/?utm_source=Tech-Behemoths&utm_medium=Profile&utm_campaign=viewprofile",
      "team_size":49,
      "year_founded":2014,
      "services":[
        15105,
        15106,
        15113,
        15131
      ],
      "industries":[
        6943
      ]
    }
  },
  {
    "model":"companies.company",
    "pk":11129,
    "fields":{
      "name":"it.agency",
      "description":"Мы работаем с международными компаниями, крупными торговыми сетями и смелыми молодыми брендами. Основные направления — красивые сайты для бизнеса, интернет-шопинг и общение в социальных сетях.\nМы делаем удобные сайты, которые побеждают в отраслевых рейтингах и получают награды за дизайн.",
      "email":"box@its.agency",
      "address":"191119, Достоевского 44,\nпарадная 1, этаж 3, офис its.agency",
      "logo":"companies/logo/itagency.svg",
      "website":"https://its.agency/",
      "team_size":49,
      "year_founded":1999,
      "services":[
        15106,
        15121,
        15122,
        15131
      ],
      "industries":[
        6941,
        6943,
        6949
      ]
    }
  },
  {
    "model":"companies.company",
    "pk":11130,
    "fields":{
      "name":"Notamedia",
      "description":"Notamedia — компания, занимающаяся веб-разработкой и предоставлением ИТ-услуг, основанная в 2004 году в Москве (Россия) с международным филиалом в Юго-Восточной Азии. Мы специализируемся на разработке веб-сайтов, мобильных приложений и диверсифицированных ERP-решениях, специально разработанных для всех потребностей отрасли: от автоматизации до банковского дела и здравоохранения. \nУ нас около восьмидесяти сотрудников в трех офисах в РОССИИ, ИНДИИ и ОАЭ. \nВсего у нас более 500 проектов.\nНаши работы имеют высокий отраслевой рейтинг. \nNotamedia специализируется на предоставлении технологий и потрясающем пользовательском опыте, а также на поддержке предприятий из различных областей, предоставляя лучшие индивидуальные решения для предприятий, взаимоотношений с клиентами и эффективные решения для цифрового маркетинга. Мы предлагаем полный спектр услуг для проектов любого уровня и любой стадии готовности — от начальной, когда есть только идея, требующая развития, создания инструментов и продвижения, до финальной, когда ресурс нуждается только в поддержке. Явная сложность любых корпоративных бизнес-решений может превратиться в порочный круг, если на них не обращать внимание. \n\nNotamedia предлагает бизнес-решения, позволяющие уменьшить эту сложность и оптимизировать процессы до точности и совершенства. Основная цель Notamedia как компании — предоставлять корпоративные решения и создавать бизнес-ориентированные веб-сайты и приложения для ММСП и транснациональных гигантов в Индии и за рубежом. Мы также разрабатываем такие решения, как ERP, CRM, управление проектами и управление продажами, для нужд вашего бизнеса. Будучи официальным золотым партнером Bitrix24 global, мы с гордостью предлагаем их решения в Индии.",
      "email":"info@notamedia.ru",
      "address":"Москва\n129085, Проспект Мира, д. 101, стр. 1",
      "logo":"companies/logo/Notamedia.jpg",
      "website":"https://nota.media/",
      "team_size":350,
      "year_founded":2004,
      "services":[
        15105,
        15121,
        15122,
        15131
      ],
      "industries":[
        6940,
        6943,
        6949,
        6951,
        6953
      ]
    }
  },
  {
    "model":"companies.company",
    "pk":11131,
    "fields":{
      "name":"PICOM",
      "description":"Мы — команда из более чем 100 экспертов. С 2000 года мы создаем цифровые продукты для клиентов, желающих поручить разработку программного обеспечения профессионалам. Наша команда разработчиков, дизайнеров и специалистов по юзабилити может превратить ваши идеи в потрясающие веб-сайты, отвечающие вашим бизнес-целям, будь то многообещающий стартап или проект электронной коммерции.\n\nЧто мы предлагаем:\n\nТехническое планирование\nИндивидуальная веб-разработка\nСистема управления контентом\nЭлектронная коммерция/Дизайн интерфейсов\nДизайн пользовательского опыта\nВеб-графический дизайн\nАдаптивный дизайн\nНаша команда опытных разработчиков может создать индивидуальное мобильное приложение, которое удовлетворит потребности вашего бизнеса. \n\niOS-разработка\nAndroid-разработка\nРазработка для Windows Phone\nКроссплатформенная разработка\nБолее 20 лет мы обеспечиваем рост бизнеса наших клиентов, генерируем лиды и повышаем узнаваемость бренда, поэтому предлагаем:\n\nSEO\nСММ \nКонтекстная реклама  \nМы сотрудничаем со многими различными компаниями, такими как UDS OIL, М-Видео, Концерн «Калашников», Apteka.ru.\n\nНаши клиенты знают, что мы — компания, которая способна построить долгосрочное партнерство в области дизайна, разработки и цифрового маркетинга. Взамен мы предоставляем им услуги высшего качества. Мы набираем и развиваем самых ярких инженеров и дизайнеров. ",
      "email":"info@picom.ru",
      "address":"г. Ижевск, 426008, ул. Карла Маркса, 191 (ТОЦ Аксион), оф. 1.01 (-1 этаж)",
      "logo":"companies/logo/PICOM.png",
      "website":"https://picom.ru/",
      "team_size":49,
      "year_founded":1999,
      "services":[
        15106,
        15131,
        15132
      ],
      "industries":[
        6941,
        6947,
        6951,
        6953
      ]
    }
  },
  {
    "model":"companies.company",
    "pk":11132,
    "fields":{
      "name":"EVERTOP",
      "description":"Изучаем вашу аудиторию, конкурентов, тенденции рынка. Мы выбираем системный подход и прогнозную аналитику, которые усиливают друг друга.",
      "email":"info@evertop.pro",
      "address":"119334, г. Москва, Ленинский проспект, 30А",
      "logo":"companies/logo/EVERTOP.png",
      "website":"https://evertop.pro/",
      "team_size":10,
      "year_founded":2013,
      "services":[
        15122,
        15132,
        15144,
        15145
      ],
      "industries":[
        6940,
        6941,
        6942,
        6945,
        6950
      ]
    }
  },
  {
    "model":"companies.company",
    "pk":11133,
    "fields":{
      "name":"Sparkle PR Group",
      "description":"Sparkle — международное агентство PR и коммуникаций, базирующееся в Москве, Санкт-Петербурге, Париже и Монте-Карло и работающее на рынках России и СНГ, Западной и Центральной Европы. Специализация агентства — PR, реклама, онлайн-коммуникации, включая маркетинг в социальных сетях, организация мероприятий и консалтинг в люксовом сегменте в медиа-столицах Парижа и Москвы, а также на площадках Jet-Set Playgrounds. Sparkle — эксперт в области моды и ювелирных украшений, роскошных путешествий и отелей, эксклюзивных продуктов высокого класса и высококлассных услуг. Среди наших клиентов: Women'secret, Springfield, TOUS, New Yorker, ECCO, Santa Maria Novella, FRHI Hotels & Resorts, включая Raffles, Fairmont, бренды Swissotel, Le Coq Sportif, Dj Alexey Romeo, Ambassador Jewellery и другие международные бренды моды и образа жизни. .",
      "email":"info@sparkleprgroup.com",
      "address":"Кузнецкий Мост, 21/5, Блеск\nМосква 107996\nРоссия",
      "logo":"companies/logo/SparklePRGroup.png",
      "website":"https://sparkleprgroup.com/",
      "team_size":10,
      "year_founded":2011,
      "services":[
        15133,
        15142
      ],
      "industries":[
        
      ]
    }
  },
  {
    "model":"companies.company",
    "pk":11134,
    "fields":{
      "name":"Omega",
      "description":"Omega — это цифровое агентство, базирующееся в Нью-Йорке, которое ставит своей целью создание визуально исключительных проектов.\n\nМы проектируем и разрабатываем инновационные цифровые решения, уделяя особое внимание:\n\nРешениям для мобильных приложений\nUI/UX дизайну\nАдаптивности веб-сайтов\nOmega работает с клиентами по всему миру, создавая индивидуальные мобильные решения для нужд их бизнеса. Так уж получилось, что наши клиенты происходят из разных секторов и финансового положения. Поэтому мы отточили свои навыки, чтобы предоставлять продукты высочайшего качества для всех: стартапов, малого и среднего бизнеса и компаний из списка Fortune 500.",
      "email":"develop@omega-r.com",
      "address":"Воскресенский проспект, 17 (2 этаж),\nЙошкар-Ола, 424033\nПресненская наб., 8, cтр. 1\n(Город Столиц, 64 этаж), Москва, 123317",
      "logo":"companies/logo/Omega.png",
      "website":"https://omega-r.ru/",
      "team_size":100,
      "year_founded":2010,
      "services":[
        15105,
        15122,
        15131
      ],
      "industries":[
        6940,
        6941,
        6942,
        6947
      ]
    }
  },
  {
    "model":"companies.company",
    "pk":11135,
    "fields":{
      "name":"DevPocket",
      "description":"DevPocket — лидер мирового уровня среди поставщиков мобильных приложений. Высококвалифицированные и преданные своему делу разработчики, менеджеры и дизайнеры применяют свой талант для создания уникальных и превосходных решений.\n\nНаши главные ориентиры — качество, безопасность, углубленное развитие, мобильная независимость и индивидуальность клиента.\n\nDevPocket сегодня:\n\n7 лет углубленного опыта работы на рынках iOS, Android, Windows Phone 8\nсреди наших клиентов Яндекс, Форекс Клуб, Exante, Nettrader, Мегаплан, ИнТакси и многие другие, а также партнеры в нескольких странах\nболее 100 успешных проектов\nболее 10 миллионов пользователей по всему миру, охватывающих различные сферы: медицина, энергетика, ритейл, бизнес-логистика, безопасность, банковский сектор и другие.",
      "email":"info@devpocket.ru",
      "address":"ул. Шаумяна, 4-1 А, офис 27Н,\nСанкт-Петербург 195027\nРоссия",
      "logo":"companies/logo/DevPocket.png",
      "website":"https://devpocket.ru/",
      "team_size":49,
      "year_founded":2009,
      "services":[
        15105,
        15112,
        15122,
        15131
      ],
      "industries":[
        6942,
        6943,
        6947,
        6958
      ]
    }
  },
  {
    "model":"companies.company",
    "pk":11136,
    "fields":{
      "name":"AMDG ",
      "description":"AMDG — международное digital-агентство, предоставляющее полный комплекс услуг для продвижения бизнеса в интернете. \n\nМы начинали в 2007 году в Минске с небольшой командой. За это время открылись офисы в Москве и Алматы. Наши агентства развивают экспертизу в своем регионе - это дает пространство для маневра. За 16 лет работы реализовали более 2000 проектов международных и национальных рекламодателей. В Беларуси стали digital агентством №1, в России входим в ТОП 20 лучших агентств. 250 человек - ежедневно команда профессионалов решает бизнес-задачи клиентов.\n\nМы собрали портфель эффективных услуг, чтобы работать на результат. Наша миссия - увеличивать доходность бизнесов, развивать бренды digital-инструментами.",
      "email":"info@amdg.ru",
      "address":"Россия, Москва, 125124, м. Белорусская, 3-я улица Ямского Поля, дом 2, корпус 26.",
      "logo":"companies/logo/AMDG.png",
      "website":"https://amdg.ru/",
      "team_size":250,
      "year_founded":2007,
      "services":[
        15132,
        15133,
        15142
      ],
      "industries":[
        6940,
        6942,
        6943,
        6948,
        6966
      ]
    }
  },
  {
    "model":"companies.company",
    "pk":11137,
    "fields":{
      "name":"Mitra",
      "description":"Веб-студия. Мы работаем на рынке создания сайтов и интернет-рекламы с 1999 года. Создаем живые digital-проекты — воплощаем ваши идеи в дизайне, коде и базах данных.\n\nЗанимаем уверенные позиции на IT-рынке — сотрудничаем с крупными компаниями и перспективными стартапами. Смело выходим за пределы Сибири и разрабатываем проекты не только для российских заказчиков, но и для иностранных.\n\nОснова наших отношений с клиентом — взаимное неравнодушие к результату и работа в команде. Такой подход сохраняет время, деньги и нервы, и любые задачи бизнеса становятся по плечу — от аналитики до продвижения.",
      "email":"info@mitra.ru",
      "address":"Россия, Барнаул, ул. Пролетарская, 117, 2 этаж.",
      "logo":"companies/logo/Mitra.jpg",
      "website":"https://mitra.ru/",
      "team_size":8,
      "year_founded":1999,
      "services":[
        15105,
        15121,
        15128,
        15131,
        15133
      ],
      "industries":[
        6940,
        6943
      ]
    }
  },
  {
    "model":"companies.company",
    "pk":11138,
    "fields":{
      "name":"Flyphant",
      "description":"Flyphant — цифровая студия, базирующаяся в Москве, Россия. Наша цель – предоставить наиболее эффективные и качественные решения. Для этого мы не следуем слепо брифу, а пытаемся понять суть его происхождения.\n\nМобильные приложения и веб-разработка, графический дизайн, анимационная графика — это все, что мы не только умеем, но и любим делать.",
      "email":"hello@flyphant.com",
      "address":"Россия, Москва, 117335, улица Вавилова, дом 69/75",
      "logo":"companies/logo/Flyphant.jpg",
      "website":"https://flyphant.com/ru/",
      "team_size":12,
      "year_founded":2013,
      "services":[
        15105,
        15108,
        15115,
        15121,
        15122,
        15128,
        15131,
        15160
      ],
      "industries":[
        6940,
        6943,
        6945,
        6950,
        6954
      ]
    }
  },
  {
    "model":"companies.company",
    "pk":11139,
    "fields":{
      "name":"QNIUM",
      "description":"Разрабатываем высококачественное, надежное программное обеспечение с максимально быстрым выходом на рынок для нужд вашего бизнеса.\n\nСчитаем, что только сильная команда, преданная этому проекту, может создать действительно отличное программное обеспечение. Наша команда по каждому проекту состоит из менеджера проекта, системного архитектора, бизнес-аналитика, фронтенд-разработчика, серверного разработчика, дизайнера UI/UX. Со всей командой вы будете работать через одного аккаунт-менеджера, как с одним человеком, с почасовой ставкой всего 50$ в час.",
      "email":"office@qnium.com",
      "address":"Россия, г. Москва, 125581, Смольная, 24А, офис 812",
      "logo":"companies/logo/QNIUM.jpg",
      "website":"https://www.qnium.com/",
      "team_size":15,
      "year_founded":2009,
      "services":[
        15105,
        15113,
        15118,
        15131
      ],
      "industries":[
        6940,
        6942,
        6943,
        6950,
        6952
      ]
    }
  },
  {
    "model":"companies.company",
    "pk":11140,
    "fields":{
      "name":"Atma",
      "description":"С 2008 года мы создаем сложные и нестандартные проекты, сайты, мобильные приложения, интернет-магазины. Мы разрабатываем любой сложный функционал и делаем так, чтобы он оптимально решал ваши задачи.\n\nЯвляясь компанией полного цикла, мы не привлекаем специалистов на аутсорсинг, тем самым гарантируя высокое качество на каждом этапе проекта. В нашей команде работают отличные профессионалы: дизайнеры, маркетологи, программисты, что позволяет нам комплексно использовать их опыт при разработке наиболее эффективного решения.\n\nМы не просто делаем стандартные проекты, мы слушаем и предлагаем лучший подход. Мы можем сделать любое программное решение. Никаких ограничений. Быстро реагировать на проблемы. Мы даем гарантию на нашу продукцию. Мы даем вам заведомо рабочий инструмент.",
      "email":"we@atma.company",
      "address":"Россия, г. Уфа, Чайковского 9",
      "logo":"companies/logo/Atma.png",
      "website":"https://atma.company/",
      "team_size":35,
      "year_founded":2009,
      "services":[
        15105,
        15113,
        15121,
        15122,
        15131
      ],
      "industries":[
        6940,
        6941,
        6943,
        6947
      ]
    }
  },
  {
    "model":"companies.company",
    "pk":11141,
    "fields":{
      "name":"StrongSquirrel",
      "description":"Мы — компания, занимающаяся веб- и мобильной разработкой вашего следующего продукта. У нас большой опыт работы в Интернете и мобильных устройствах, и мы готовы создать приложение или MVP с использованием Reactjs, Nodejs, Golang, PHP в Интернете и разработки ReactNative, Flutter или Native для мобильных устройств.",
      "email":"i@chuprik.com",
      "address":"Россия, Санкт-Петербург, 21221\n",
      "logo":"companies/logo/StrongSquirrel.png",
      "website":"http://strsqr.com/",
      "team_size":19,
      "year_founded":2016,
      "services":[
        15105,
        15106,
        15113,
        15117,
        15121,
        15122,
        15131
      ],
      "industries":[
        6940,
        6943
      ]
    }
  },
  {
    "model":"companies.company",
    "pk":11142,
    "fields":{
      "name":"Afterlogic.Works",
      "description":"Мы — агентство полного цикла веб-разработки, специализирующееся на корпоративном опыте и разрабатывающее популярные запатентованные продукты, которые стали отраслевыми стандартами в своих секторах (https://afterlogic.com/), а также пул клиентов, состоящий из сотен ведущих мировых компаний (https:/ /afterlogic.com/clients ) Готовы обсудить долгосрочное партнерство.\n\nМы специализируемся на корпоративной почте, частном облачном хранилище файлов, конфиденциальности и шифровании данных, системах уведомлений и обмена сообщениями, синхронизации данных.\n\nОсновной стек — PHP/Node.js, дополнительный — JS/Flutter.",
      "email":"works@afterlogic.com",
      "address":"Россия, г. Таганрог, 347949, ул. Петровская, 89‑Б, офис 501",
      "logo":"companies/logo/AfterlogicWorks.jpeg",
      "website":"https://ru.afterlogic.works/",
      "team_size":40,
      "year_founded":2003,
      "services":[
        15105,
        15122,
        15123,
        15131
      ],
      "industries":[
        6940,
        6943
      ]
    }
  },
  {
    "model":"companies.company",
    "pk":11143,
    "fields":{
      "name":"Rhinoda team",
      "description":"Мы помогаем начинающим и существующим предприятиям найти свое место в цифровом мире. \n\nМы — команда из 50+ экспертов, специализирующаяся на работе со стартапами и крупными компаниями.\n\nМы ценим высокое качество и своевременное выполнение проектов, поэтому имеем четкий и комплексный подход к разработке.\n\nЕсли вам нужен надежный партнер и опытный поставщик, вы попали по адресу.\n\nНаши области специализации включают в себя:\n\n- Мобильная разработка\n\n- Веб-разработка\n\n- UX/UI дизайн\n\n- Разработка игры\n\n- 3D и 2D графический дизайн\n\n- 3D и 2D анимация\n\nМы также предлагаем эксклюзивные бесплатные услуги менеджера проекта и эксперта по контролю качества для каждой разработки приложения.",
      "email":"info@rhinoda.com",
      "address":"Гагарина ул., 8/1\nОмск 644024\nРоссия",
      "logo":"companies/logo/Rhinodateam.png",
      "website":"https://www.rhinoda.com/",
      "team_size":249,
      "year_founded":2008,
      "services":[
        15105,
        15118,
        15131
      ],
      "industries":[
        6940,
        6958
      ]
    }
  },
  {
    "model":"companies.company",
    "pk":11144,
    "fields":{
      "name":"Springs",
      "description":"Springs — это международная команда опытных веб- и мобильных разработчиков, а также UI/UX-дизайнеров, которые всегда стремятся принести пользу:\n\nлюбая многообещающая идея для приложения, платформы или решения,\nкаждая уникальная концепция стартапа с ранних стадий,\nкаждый целенаправленный проект для компании, осуществляющей цифровую трансформацию.\nМы мотивированные люди, которые с 2015 года неустанно работают и постоянно повышают свою квалификацию в нашей дружелюбной, творческой, профессиональной среде.\n\nНаша основная цель — помочь компаниям различного масштаба достичь самых амбициозных целей в области эффективности и производительности путем предоставления индивидуальных программных решений.",
      "email":"contact@springsapps.com",
      "address":"Россия, 423800, Набережные Челны, 16",
      "logo":"companies/logo/Springs.png",
      "website":"https://springsapps.com/",
      "team_size":49,
      "year_founded":2014,
      "services":[
        15105,
        15108,
        15113,
        15121,
        15131
      ],
      "industries":[
        6948
      ]
    }
  },
  {
    "model":"companies.company",
    "pk":11145,
    "fields":{
      "name":"InfoShell",
      "description":"InfoShell специализируется на разработке мобильных и веб-приложений и работает с широким кругом компаний во многих отраслях. Наша компания базируется в России и США. Мы реализовали более 100 успешных проектов.\n\nОсновные услуги, которые мы предлагаем:\n\nРазработка мобильных приложений;\nРазработка веб-приложений;\nUX/UI – дизайн; \nАнализ юзабилити.\nПочему мы?\n\nInfoshell основан на гибкой методологии управления проектами, которая позволяет нам/клиенту ускорить вывод продукта на рынок, управлять приоритетами изменений и снижать риски провала проекта. Находим свежие идеи для совершенно новых продуктов.\n\nС 2009 года компания успешно увеличивает доходы клиентов, автоматизирует бизнес-процессы, повышает лояльность клиентов, улучшает сервис и работает на результат.",
      "email":"info@infoshell.net",
      "address":"Каменноостровский проспект, д. 26-28, офис 39 (дом Бенуа)\nСанкт-Петербург 197022\nРоссия",
      "logo":"companies/logo/InfoShell.svg",
      "website":"https://infoshell.net/",
      "team_size":49,
      "year_founded":2010,
      "services":[
        15105,
        15121,
        15122,
        15131
      ],
      "industries":[
        6943
      ]
    }
  },
  {
    "model":"companies.company",
    "pk":11146,
    "fields":{
      "name":"ITPROFIT",
      "description":"Мы работаем с клиентами, имеющими амбициозные цели. Наша цель – помочь вам стать лидером на своем рынке и получить значительную долю в своей отрасли. Мы ценим клиентов, которые ценят результаты выше процесса и готовы инвестировать в их успех. Мы стремимся тесно сотрудничать с нашими клиентами, чтобы создавать индивидуальные решения, а не общий веб-сайт.\n\nЕсли вы ищете профессионального партнера, который поможет вам достичь ваших амбициозных целей, мы готовы сотрудничать с вами. Наш опыт позволяет создавать современные проекты любой сложности, такие как веб-приложения, интернет-магазины, порталы, маркетплейсы и многое другое.\n\nНаши форматы управления проектами включают Waterfall и Agile.\n\nС 2010 года мы прошли долгий путь от небольшой компании, занимающейся разработкой сайтов, до полноценной IT-компании. Наш центр разработки находится в Беларуси. На данный момент наша компания имеет три юридических лица, что позволяет нам принимать платежи не только из стран СНГ, но и со всего мира.",
      "email":"info@itprofit.dev",
      "address":"125009, Российская Федерация г. Москва, ул. Тверская, д. 13",
      "logo":"companies/logo/ITPROFIT.svg",
      "website":"https://ru.itprofit.dev/",
      "team_size":49,
      "year_founded":2010,
      "services":[
        15121,
        15122,
        15131,
        15132
      ],
      "industries":[
        
      ]
    }
  },
  {
    "model":"companies.company",
    "pk":11147,
    "fields":{
      "name":"SEOBEL",
      "description":"Как говорил Стив Джобс – «Простота – высшая мудрость». Это то, что стоит во главе нашей работы.\n\nНет смысла писать о себе кучу писем, звонить или писать нам. Нам нравится результат и мы его гарантируем.",
      "email":"info@seo-bel.ru",
      "address":"Россия, 308027, Белгород, пер.Генерала Апанасенко",
      "logo":"companies/logo/SEOBEL.svg",
      "website":"https://seo-bel.ru/",
      "team_size":49,
      "year_founded":2014,
      "services":[
        15123,
        15131,
        15132,
        15134,
        15143
      ],
      "industries":[
        
      ]
    }
  },
  {
    "model":"companies.company",
    "pk":11148,
    "fields":{
      "name":"Webcenter.pro",
      "description":"No site today – no business tomorrow!\n\nThat sounds a little bit rough, but in today's IT world, it is true. Any CMS, about 20 programming languages, and experienced programmers – send us your materials for the site, as well as the suggestions for web design, and you’ll see your company in a new angle.\n\nGood afternoon!\n\nI want to introduce you a small but very active web-studio from St. Petersburg, Russia. There are 17 of us. The company has been working for 6 years already and has found regular customers and developed a reputation as a reliable company.\n\nWhy should you choose our company?\n\nWe provide various services. Site development, support and administration are the main directions of our work. In addition, we do any work related to web programming. You can see the examples here https://webcenter.pro/cases/.\n\nWe work with almost any CMS.",
      "email":"support@webcenter.pro",
      "address":"Гаккелевская, 21А,\nСанкт-Петербург 197227\nРоссия",
      "logo":"companies/logo/Webcenterpro.png",
      "website":"https://webcenter.pro/",
      "team_size":49,
      "year_founded":2009,
      "services":[
        15106,
        15113,
        15121,
        15122,
        15131,
        15132,
        15142,
        15143,
        15145
      ],
      "industries":[
        
      ]
    }
  },
  {
    "model":"companies.company",
    "pk":11149,
    "fields":{
      "name":"Open Solutions",
      "description":"Мы — глобальная ИТ-компания, специализирующаяся на проектах по разработке программного обеспечения. Мы готовы работать над вашим проектом и обеспечить высокий стандарт качества в сжатые сроки.\n\nПоскольку вы ищете штатного разработчика, мы можем предложить вам сотрудничество по модели аутстаффинга, по сути, это ваш внешний штатный сотрудник (и даже больше, если это необходимо для выполнения задачи):\n\n1. мы предоставляем Вам высококвалифицированных профессиональных разработчиков (при необходимости мы можем заменить или расширить Вашу команду разработчиков в кратчайшие сроки);\n\n2. мы гарантируем вам полный контроль над ходом выполнения задач, и вы можете свободно связываться со своими разработчиками через Skype, Telegram и т.д.;\n\n3. Мы также можем назначить в вашу команду нашего менеджера проектов для контроля сроков и качества выполнения задач, либо вы можете контролировать это самостоятельно.\n\nПочему вам стоит работать с нами:\n\n1. с момента основания в 2009 году мы успешно реализовали более 150 проектов;\n\n2. В нашей команде более 50 профессиональных разработчиков, большинство из них имеют степень магистра в области компьютерных наук или смежных областей;\n\n3. более 65% наших клиентов возвращаются к нам с новыми проектами;\n\n4. работаем в любом удобном для вас формате: фиксированная цена, время и материал, аутстаффинг и т.д.;\n\n5. У нас очень выгодные тарифы, так как наша компания расположена в областном центре России, все наши застройщики работают на месте.\n\nПожалуйста, не стесняйтесь обращаться к нам, если у вас есть интерес или вопросы, и обратите внимание, что мы можем работать практически со всеми технологиями: у нас есть Front-end разработчики, Back-end разработчики, Full stack разработчики, разработчики мобильных приложений (iOS, Android и Windows Phone) и т. д. Наша экспертиза действительно широка и охватывает практически все технологии.",
      "email":"info@osinit.com",
      "address":"Россия, 440000, Пенза, Московская, 29",
      "logo":"companies/logo/OpenSolutions.png",
      "website":"https://osinit.com/",
      "team_size":249,
      "year_founded":2008,
      "services":[
        15105,
        15107,
        15113,
        15122,
        15131
      ],
      "industries":[
        6940,
        6942,
        6943,
        6945,
        6953
      ]
    }
  },
  {
    "model":"companies.company",
    "pk":11150,
    "fields":{
      "name":"SMD",
      "description":"Наше агентство специализируется на проектировании и разработке мобильных приложений для компаний различных отраслей: розничных и развлекательных сетей, крупной электронной коммерции, промышленных предприятий и многих других. Нашими ключевыми преимуществами являются высокий уровень технических компетенций команды разработчиков, а также возможность выстроить качественную, эффективную техническую поддержку наших приложений и стать долгосрочным, надежным партнером для вашей компании.",
      "email":"contact@smd.agency",
      "address":"Бутырская ул., 62, стр. 6\nМосква 127015\nРоссия",
      "logo":"companies/logo/SMD.png",
      "website":"https://smd.agency/",
      "team_size":49,
      "year_founded":2016,
      "services":[
        15105,
        15121,
        15122,
        15131
      ],
      "industries":[
        6941,
        6943,
        6945,
        6951
      ]
    }
  },
  {
    "model":"companies.company",
    "pk":11151,
    "fields":{
      "name":"EVEN Lab",
      "description":"Мы создаем бизнес-решения для наших клиентов. Работая над любым проектом, мы всегда преследуем цель, поставленную клиентом. Мы разрабатываем приложения, веб-сервисы, интегрируем системы для увеличения доходов бизнеса — напрямую или за счет оптимизации процессов. Мы не просто следуем инструкциям — мы исследуем, как именно наша работа должна помочь заказчику в достижении его целей. Затем все наши сотрудники, включая аналитиков, UX-дизайнеров и разработчиков, соответствующим образом расставляют приоритеты своих задач. \n\nМы имеем значительный опыт работы в следующих отраслях: \n\nРозничные сети \n\nМы помогаем анализировать эффективность продаж и повышать эффективность, создавая приложения для взаимодействия с пользователями. \n\nФинансы и страхование \n\nСистемы точной аналитики, безопасные приложения и хранилища данных, системы быстрого реагирования на основе больших данных. \n\nЛогистика и транспорт \n\nМы создаем геоинформационные системы, модули для ERP-систем и мобильные приложения для сотрудников. \n\nПромышленность и сельское хозяйство \n\nМы разрабатываем программное обеспечение для Индустрии 4.0 и точного земледелия: обработка данных IoT, изображения, мониторинг в реальном времени.",
      "email":"partner@evenlab.org",
      "address":"119415, Москва, Ленинский пр-т., 116 к1",
      "logo":"companies/logo/EVENLab.svg",
      "website":"https://evenlab.org/",
      "team_size":49,
      "year_founded":2016,
      "services":[
        15105,
        15107,
        15113,
        15116,
        15117,
        15131
      ],
      "industries":[
        6942,
        6944,
        6960
      ]
    }
  },
  {
    "model":"companies.company",
    "pk":11152,
    "fields":{
      "name":"Areal",
      "description":"Ареал — команда разработки личных кабинетов.\n\nМы дополняем бизнес диджитал инструментами: клиенты, сотрудники получают удобное пространство для коммуникации, автоматизированные процессы сокращают время между задачей и решением.",
      "email":"hello@arealidea.ru",
      "address":"г. Ярославль, Полушкина роща 16, строение 67а, офис №2",
      "logo":"companies/logo/Areal.png",
      "website":"https://arealidea.ru/",
      "team_size":49,
      "year_founded":2004,
      "services":[
        15105,
        15121
      ],
      "industries":[
        6940,
        6955,
        6959
      ]
    }
  },
  {
    "model":"companies.company",
    "pk":11153,
    "fields":{
      "name":"JerryLab",
      "description":"Разрабатываем современные сайты с индивидуальным дизайном. Мы детально прорабатываем дизайн, функционал и юзабилити сайта. Созданные нами проекты действительно работают – решают поставленные клиентом задачи – от имиджевых до продающих.",
      "email":"hello@jerrylab.ru",
      "address":"Москва, Варшавское ш., 9, стр. 1Б",
      "logo":"companies/logo/JerryLab.png",
      "website":"https://jerrylab.ru/",
      "team_size":9,
      "year_founded":2016,
      "services":[
        15121,
        15124
      ],
      "industries":[
        
      ]
    }
  },
  {
    "model":"companies.company",
    "pk":11154,
    "fields":{
      "name":"Spark Equation",
      "description":"Spark Equation is a software-enabled IT and strategy consulting firm operating at the intersection of strategy, product design, and engineering to optimize solutions for small and medium-sized businesses. We harness data, analytics, and engineering expertise to give organizations a clear path to gain industry leadership and improve performance. When we combine our partnership and transparent business methods, we bridge the gap between strategy and execution, equipping clients with an exceptional level of competitiveness to transform their business. Our teams are equipped with the knowledge and experience to address every facet of how data and software affect a client’s organization and efficiency.",
      "email":"eduard@sparkequation.com",
      "address":"Malaya Morskaya Ulitsa 18, Office 409 Sankt Petersburg 190000",
      "logo":"companies/logo/SparkEquation.png",
      "website":"https://sparkequation.com",
      "team_size":49,
      "year_founded":2015,
      "services":[
        15113,
        15116,
        15119,
        15131
      ],
      "industries":[
        
      ]
    }
  },
  {
    "model":"companies.company",
    "pk":11155,
    "fields":{
      "name":"ITA Labs",
      "description":"Высоконагруженные распределенные системы идентификации, управления и обработки транзакций. Проектирование архитектуры и разработка.\n\nКомпания «ITA Labs» была основана в 2004 году. Мы специализируемся на разработке заказных решений в области высоконагруженных распределенных клиент-серверных систем. \n\nМы разрабатываем серверное программное обеспечение на заказ на долгосрочной основе для заказчиков из ИТ top100 в России и за рубежом.\n\nНашими клиентами уже являются компании из России, США, Европы и Африки. Программное обеспечение, которое мы разработали для наших заказчиков, успешно внедрено и используется на трех континентах мира. \n\nОсновной профиль — корпоративные n-tier приложения в области биометрии, безопасности, PKI и криптографии. Компания небольшая (10+ сотрудников), офис в Москве, большая часть сотрудников работает удаленно.\n\nНаш офис — весь мир!\n\nМы на протяжении последних нескольких лет выстроили практически полностью распределенную команду, инфраструктуру и процессы разработки, позволяющую коллегам, находящимся в 10 разных городах России и ближнего зарубежья, работать как единый слаженный организм.\n\nНаш виртуальный офис предоставляет полностью автоматизированную и интегрированную среду для взаимодействия, управления проектами, сборки, автотестирования, ревью кода, статического анализа кода, поддержки заказчиков.\n\nКроме того, наш физический офис в Москве всегда рад принять коллег, которые периодически приезжают, чтобы встретиться offline, поработать, обсудить проекты. \n\nТакже, раз или два в году, нашим офисом становится какой-нибудь город России, куда мы выезжаем для проведения корпоративного митинга для подведения итогов, планирования работ, чтения технологических докладов, и совместного отдыха.\n\nБиллиард\\боулинг\\пейнтбол\\лазертаг\\керлинг\\квесты\\лошади\\квадроциклы\\снегоходы\\багги итд, чего только и где только не было (брали Москву, Казань, Питер, Владимир, Суздаль, Нижний Новгород, what’s next?)\n\nЧто мы готовы дать:\n\nПолучить опыт построения крупных enterprise проектов\nИзучить массу различных технологий и предметных областей\nВнести в свой личный зачет участие в разработке уникальных распределенных систем управления, обработки данных и аутентификации, используемых в масштабах крупнейших организаций нашей необъятной родины, и даже на правительственном уровне других стран\nУчастие в IT конференциях, изучение новых технологий, обновление hardware/\nПериодические командировки в Москву (поработать в офисе плечом к плечу с коллегами, посетить тематические конференции, а также расслабиться и отдохнуть после работы).\nПрисоединяйтесь! На удаленке тоже есть крутые проекты. Будет нескучно!",
      "email":"careers_spring2021@ita-labs.ru",
      "address":"Россия, Москва, ул. Профсоюзная, д. 93А",
      "logo":"companies/logo/ITALabs.png",
      "website":"https://www.ita-labs.com/",
      "team_size":49,
      "year_founded":2003,
      "services":[
        15113
      ],
      "industries":[
        6942,
        6943,
        6953
      ]
    }
  },
  {
    "model":"companies.company",
    "pk":11156,
    "fields":{
      "name":"GDS LLC",
      "description":"Established in 2007 Global Data Solutions (GDS) is a software development company. We have successfully partnered and support many clients in various regions including the USA, Europe and Russia.\n\nOur main focus has been on ERP and CRM system development and implementation but extending to system administration, business automation systems, Web services and mobile applications development. WE also offer blockchain development and consulting, data science and other mathematical services.\n\nOur team consists of a systems administration department team of experienced staff with server administration, cloud services deployment and integration as well as high workload system deployment and optimisation experience.   \n\nWe are currently located in the russian scientific center (Novosibirsk, Akademgorodok) and can offer a highly scalable, skilled and very experienced on-demand team of specialists for your project and maintenance requirements.",
      "email":"info@gdsln.com",
      "address":"Россия, Новосибирск",
      "logo":"companies/logo/GDSLLC.png",
      "website":"https://gdsln.com/",
      "team_size":49,
      "year_founded":2006,
      "services":[
        15105,
        15113,
        15131,
        15159
      ],
      "industries":[
        6947,
        6953,
        6955
      ]
    }
  },
  {
    "model":"companies.company",
    "pk":11157,
    "fields":{
      "name":"Picasel Agency",
      "description":"Мы команда продуктовых дизайнеров и разработчиков. За 2 года мы вошли в топ-100 лучших дизайн компаний в вебе, и в топ-50 продакшенов.\n\nВ основе каждого предлагаемого нами решения лежит желание помогать нашим клиентам достигать поставленных целей и выходить за рамки собственных возможностей. Наш девиз “Воображай реальность” помогает клиентам воображать ту реальность, в которой их бренд будет существовать и успешно развиваться.\n\nМы делаем ставку на: сильный командный дух (видео с нашей поездки на Шри-Ланку (https://player.vimeo.com/video/205851639); создание прозрачной и автономной системы менеджмента, и сильной экспертизы в дизайне и технологиях.\n\nМы - команда из 10 социализированных интровертов, которым не все равно на финальный продукт и друг на друга. Мы формируем сильную команду, молодых профессионалов, которые постоянно недовольны собой и хотят стать лучше.\n\nОт человека мы ждем самоотдачи, потому что мы хотим, чтобы вы и мы росли одинаково и нам всем было, чем гордиться. Мы ищем драйверов роста, которые хотят реализовать свой потенциал, мы не мешаем - а слушаем и поддерживаем.",
      "email":"sayhello@picasel.agency",
      "address":"Россия, Москва, Тверская 12",
      "logo":"companies/logo/PicaselAgency.png",
      "website":"http://picasel.agency/",
      "team_size":49,
      "year_founded":2014,
      "services":[
        15113,
        15121,
        15122,
        15125
      ],
      "industries":[
        
      ]
    }
  },
  {
    "model":"companies.company",
    "pk":11158,
    "fields":{
      "name":"Contorra Family",
      "description":"We've been in the business since 2007. WordPress experts (over 300 projects in Russia and abroad). Offering web development, SEO, SMM, design. Our primary field of expertise is: website development with CMS WordPress (we're in top 10 WP studios in Russia).",
      "email":"info@contorra.ru",
      "address":"Россия, Сочи",
      "logo":"companies/logo/ContorraFamily.jpg",
      "website":"https://contorra.ru/",
      "team_size":49,
      "year_founded":2006,
      "services":[
        15121,
        15128,
        15131
      ],
      "industries":[
        6941,
        6946,
        6957
      ]
    }
  },
  {
    "model":"companies.company",
    "pk":11159,
    "fields":{
      "name":"Effective",
      "description":"We help product companies and digital agencies deliver software worthy to be proud of.\n\nWe specialize on building custom mobile and web applications, as well as CMS and Ecommerce-platform based websites.",
      "email":"hi@effectivedev.io",
      "address":"Россия, Омск",
      "logo":"companies/logo/Effective.png",
      "website":"http://effectivemade.com/",
      "team_size":49,
      "year_founded":2014,
      "services":[
        15105,
        15106,
        15109,
        15131
      ],
      "industries":[
        6940,
        6942,
        6944
      ]
    }
  },
  {
    "model":"companies.company",
    "pk":11160,
    "fields":{
      "name":"dvhb",
      "description":"Design and development of MVPs for startups and major projects by a team of 39 professional designers, frontend and backend developers, QA and DevOps engineers, account and technical project managers. We have 8+ years of experience in creating web and mobile applications and 92 successfully finished projects. We work with React, Vue.js, React Native, and Python.\n\nWe start each project with design research, analyze the users and their problems following the Jobs To Be Done approach. That gives us a solid base for the UX and UI design. We break the scope down into clear tasks and develop different parts of the product in parallel, striving to meet client’s deadlines.\n\nWe specialize in working with startups, develop and launch MVPs that become commercially successful. But bigger brands are also keen on building something interesting, so we love working with such. We’ve worked with Jetsmarter, EZVIZ (Hikvision), Calvin Klein, Merz Pharma, and others.\n\nOur toolkit is Figma for design, Python, Django and Asyncio for asynchronous backend, React and Vue.js for SPAs, React Native for mobile apps, Amazon AWS, Docker, Ansible, Nginx, and Jenkins for server administration and DevOps, Jira, Confluence, and Slack for management and communication.",
      "email":"hello@dvhb.com",
      "address":"Россия, Москва",
      "logo":"companies/logo/dvhb.png",
      "website":"https://dvhb.com/",
      "team_size":49,
      "year_founded":2011,
      "services":[
        15105,
        15113,
        15122,
        15131
      ],
      "industries":[
        6941,
        6942,
        6943,
        6946
      ]
    }
  },
  {
    "model":"companies.company",
    "pk":11161,
    "fields":{
      "name":"Iteora GmbH",
      "description":"Iteora GmbH assists companies in achieving their business goals in the challenging IT world. Our areas of expertise include enterprise solutions, blockchain, and fintech. Furthermore, we help startups across different industries build smart IT strategies and develop effective products. \n\nWhether it’s data explosion, cloud expansion or a completely innovative area, we’re ready to work with our customers towards solving any IT challenges. Our customers’ success is our top priority. \n\nWith the head office in Meerbusch, Germany, Iteora GmbH also has development labs in Saint-Petersburg and Novosibirsk, Russia. Our team effectively works across time zones (Europe, Asia, USA). We call our company a “one-stop shop” meaning that we provide our customers with complete, end-to-end solutions.\n\nIteora GmbH provides a wide range of services in the following fields: IT processes and infrastructure, Agile, Data protection, Business Intelligence and Big data, Microsoft stack, Endpoint systems, Performance monitoring, Web, Desktop and mobile custom software development, UX/UI development, and Database management.",
      "email":"info@iteora.com",
      "address":"Россия, Новосибирск",
      "logo":"companies/logo/IteoraGmbH.png",
      "website":"https://www.iteora.com/",
      "team_size":49,
      "year_founded":2015,
      "services":[
        15107,
        15113,
        15114,
        15117,
        15131,
        15153
      ],
      "industries":[
        
      ]
    }
  },
  {
    "model":"companies.company",
    "pk":11162,
    "fields":{
      "name":"ROCKETECH",
      "description":"ROCKETECH - компания по разработке программного обеспечения, специализирующаяся на веб- и мобильной разработке на основе аналитики. Наша команда выпустила более 100 продуктов для более чем 70 стартапов и предприятий в процессе консультирования. Наши решения признаны \"Приложениями дня\" в App Store, получают признание на премии \"Грэмми\" и высоко ценятся в своих нишах. Мы работаем со сложными отраслями и узкими нишами, вникая в глубокие детали. \n\nЧто нам делать?\n\nМы консультируемся. Наша команда внедряет гибкие фреймворки (Lean, Scrum, Kanban, XP), Lean Canvas, User Story Mapping, JTBD, CJM и т.д.\nМы анализируем. Rocketech понимает сложность ваших бизнес-систем. Мы разрабатываем варианты использования, истории пользователей, потоки, модель взаимосвязи сущностей, конечный автомат и т.д. - чтобы убедиться, что мы выбираем наиболее устойчивое решение.\nМы развиваемся. Международно признанные навыки разработки на языках (Javascript, PHP, Go, Swift, Java и других) и более чем 100 фреймворках, включая React.js , Node.js , Nest.js , Vue.js , Angular,.js, Laravel и т.д.\nМы де",
      "email":"hello@rocketech.it",
      "address":"Россия, Москва",
      "logo":"companies/logo/ROCKETECH.jpg",
      "website":"https://rocketech.it/ru",
      "team_size":249,
      "year_founded":2016,
      "services":[
        15105,
        15113,
        15131
      ],
      "industries":[
        6940,
        6942,
        6943,
        6947,
        6965
      ]
    }
  },
  {
    "model":"companies.company",
    "pk":11163,
    "fields":{
      "name":"RentaTeam",
      "description":"Полный контроль и предсказуемый результат\n\nПовысьте эффективность разработки вашего продукта на 80% всего за два месяца с помощью наших методов.\n\nМы работаем на взаимовыгодной основе\n\nМы устанавливаем цели и сроки и гибко работаем над приоритетами. Мы участвуем во всех этапах создания продукта, от планирования до демонстрации, регулярно отчитываясь перед вами.\n\nПрозрачное ценообразование. Вы платите почасово, а мы предоставляем результат каждую неделю.\n\nНаша цель - создать отличное портфолио. Чем лучше мы сделаем каждый проект, тем легче нам будет находить новые. Мы действительно верим в БЕСПРОИГРЫШНЫЙ вариант. Вот почему мы будем объяснять, предлагать, спорить и сопереживать.\n\nВы никогда не услышите от нас: \"Этого нет в техническом задании\". Мы работаем по модели FBSC: фиксированный бюджет, контролируемая область применения.\n\nМы гордимся нашей командой: над вашим проектом будет работать один из лучших разработчиков, и мы готовы доказать это, позволив им пройти собеседование с вашими техническими экспертами.\n\nМы уверены в своих силах! Проверьте нашу скорость и качество на практике.",
      "email":"go@rentateam.ru",
      "address":"Россия, Москва",
      "logo":"companies/logo/RentaTeam.png",
      "website":"https://www.rentateam.ru/",
      "team_size":49,
      "year_founded":2012,
      "services":[
        15105,
        15107,
        15108,
        15111,
        15114,
        15115,
        15121,
        15122,
        15131
      ],
      "industries":[
        6940,
        6942,
        6943,
        6944
      ]
    }
  },
  {
    "model":"companies.company",
    "pk":11164,
    "fields":{
      "name":"Webernetic Family ",
      "description":"В Webernetic Family обращаются владельцы средних и крупных бизнесов за SEO-продвижением сайтов, настройкой контекстной рекламы и маркетингом в социальных сетях. Также мы занимаемся технической поддержкой порталов, систем управления, Saas-систем. Разрабатываем интернет-магазины, корпоративные сайты и лендинги.\n\nРаботаем\n\nc поисковыми системами Google, Яндекс, Bing\n\nс CMS WordPress, OpenCart, Simpla\n\nс соцсетями Instagram, Facebook, TikTok, Вконтакте, Одноклассники",
      "email":"office@webernetic.by",
      "address":"Россия, Москва",
      "logo":"companies/logo/WeberneticFamily.png",
      "website":"https://webernetic-family.com/",
      "team_size":49,
      "year_founded":2010,
      "services":[
        15132,
        15134,
        15142
      ],
      "industries":[
        6940,
        6941,
        6945,
        6952
      ]
    }
  },
  {
    "model":"companies.company",
    "pk":11165,
    "fields":{
      "name":"SOFTENQ",
      "description":"SOFTENQ - компания по разработке программного обеспечения с командой ИТ-специалистов для создания высококачественных цифровых продуктов с высокой масштабируемостью и отличной производительностью без ошибок. В течение многих лет мы оттачивали наши навыки разработки, а также опыт работы в отрасли и предметной области, чтобы предоставлять ИТ-услуги полного цикла.\n\nМы сильны как в бэкенде, так и во внешнем интерфейсе, работая с передовыми технологиями, фреймворками и языками. Наш опыт распространяется на различные отрасли - от социальных сетей и торговых площадок до внутренних корпоративных систем и стартапов. Мы обладаем огромным опытом в различных областях, начиная с программного обеспечения для управления финансами и корпоративных мобильных приложений и заканчивая решениями для электронной коммерции и порталами B2B.",
      "email":"contact@softenq.ru",
      "address":"Россия, Омск",
      "logo":"companies/logo/SOFTENQ.png",
      "website":"https://softenq.ru/",
      "team_size":49,
      "year_founded":2014,
      "services":[
        15105,
        15106,
        15107,
        15108,
        15113,
        15115,
        15131
      ],
      "industries":[
        6940,
        6941,
        6942,
        6946,
        6948
      ]
    }
  },
  {
    "model":"companies.company",
    "pk":11166,
    "fields":{
      "name":"\nASTRIO agency",
      "description":"Разработка интернет-магазина на самой продвинутой платформе электронной коммерции MAGENTO.\n\nМы являемся экспертами Magento. У нас есть собственная команда сертифицированных разработчиков Magento (как frontend, так и backend).\n\nУ нас 15-летний опыт работы в сфере разработки электронной коммерции, почти 10 лет мы работаем с Magneto и успешно завершили более 300 проектов веб-разработки.",
      "email":"hello@astrio.ru",
      "address":"Россия, Москва",
      "logo":"companies/logo/ASTRIOagency.png",
      "website":"https://astrio.net/",
      "team_size":49,
      "year_founded":2008,
      "services":[
        15106,
        15113,
        15114,
        15121,
        15131
      ],
      "industries":[
        6940,
        6941
      ]
    }
  },
  {
    "model":"companies.company",
    "pk":11167,
    "fields":{
      "name":"Jamakase Technologies",
      "description":"Jamakase - российская компания по разработке пользовательских приложений, основанная в 2016 году. Мы помогаем техническим директорам, владельцам продуктов и целым предприятиям создавать свои программные продукты с использованием облачного подхода.\n\nСпециалисты Jamakase Technologies обладают глубокими знаниями и обширным опытом работы с облачными сервисами. Сократите время на разработку и запуск новых решений, модернизацию устаревших технологий или тестирование и развертывание прототипов с помощью приложений на базе IaaS в Amazon Web Services, Microsoft Azure или Google Cloud. Выбор подходящей инфраструктуры для цифрового проекта так же важен, как и разработка. Вот почему мы делаем все возможное, чтобы предложить масштабируемые и безопасные решения.",
      "email":"info@jamakase.com",
      "address":"Россия, Москва",
      "logo":"companies/logo/JamakaseTechnologies.png",
      "website":"https://www.jamakase.com/",
      "team_size":49,
      "year_founded":2015,
      "services":[
        15105,
        15113,
        15116,
        15117,
        15119
      ],
      "industries":[
        6940,
        6941,
        6942,
        6943
      ]
    }
  },
  {
    "model":"companies.company",
    "pk":11168,
    "fields":{
      "name":"Etrok",
      "description":"Etrok проектирует и разрабатывает IoT-решения для энергетических компаний, телеком-операторов, застройщиков и ретейла. Мы умеем создавать нестандартные решения, современные и удобные мобильные приложения и веб-сервисы для управления IoT-устрайствами.",
      "email":"info@etrok.ru",
      "address":"Россия, Москва",
      "logo":"companies/logo/Etrok.png",
      "website":"https://qualified.one/ru/companies/etrok/",
      "team_size":49,
      "year_founded":2011,
      "services":[
        15105,
        15116,
        15117,
        15122,
        15131
      ],
      "industries":[
        6944,
        6949,
        6950
      ]
    }
  },
  {
    "model":"companies.company",
    "pk":11169,
    "fields":{
      "name":"Mobile Dimension LLC",
      "description":"Mobile Dimension - это проверенные эксперты в области корпоративных мобильных решений и технологий. Наши ключевые услуги включают разработку мобильных приложений, построение комплексной корпоративной мобильной инфраструктуры, разработку уникальных решений b2b и b2c, техническую поддержку, консалтинг и поставку мобильных устройств с предустановленным корпоративным программным обеспечением. Портфель наших клиентов включает российские и международные корпорации, а также малый и средний бизнес. Mobile Dimension вошла в авторитетный рейтинг CNews “Лучшие разработчики мобильных приложений для бизнеса и правительства в 2016 году”.",
      "email":"info@mobiledimension.ru",
      "address":"Россия, Москва",
      "logo":"companies/logo/MobileDimensionLLC.png",
      "website":"https://mobiledimension.ru/contacts/",
      "team_size":49,
      "year_founded":2012,
      "services":[
        15105,
        15110,
        15115,
        15122,
        15131
      ],
      "industries":[
        
      ]
    }
  },
  {
    "model":"companies.phone",
    "pk":8607,
    "fields":{
      "company":11090,
      "number":"+7 (843) 253-63-89"
    }
  },
  {
    "model":"companies.phone",
    "pk":8608,
    "fields":{
      "company":11092,
      "number":"+7 (495) 175-13-96"
    }
  },
  {
    "model":"companies.phone",
    "pk":8609,
    "fields":{
      "company":11093,
      "number":"+7 (929) 509-59-22"
    }
  },
  {
    "model":"companies.phone",
    "pk":8610,
    "fields":{
      "company":11094,
      "number":"+7 (861) 238-83-48"
    }
  },
  {
    "model":"companies.phone",
    "pk":8611,
    "fields":{
      "company":11095,
      "number":"+7 (495) 134-03-14"
    }
  },
  {
    "model":"companies.phone",
    "pk":8612,
    "fields":{
      "company":11096,
      "number":"+7 (925) 189-35-14"
    }
  },
  {
    "model":"companies.phone",
    "pk":8613,
    "fields":{
      "company":11097,
      "number":"+7 (495) 783-73-03"
    }
  },
  {
    "model":"companies.phone",
    "pk":8614,
    "fields":{
      "company":11098,
      "number":"+7 (967) 065-69-06"
    }
  },
  {
    "model":"companies.phone",
    "pk":8615,
    "fields":{
      "company":11099,
      "number":"+7 (800) 700-01-69"
    }
  },
  {
    "model":"companies.phone",
    "pk":8616,
    "fields":{
      "company":11100,
      "number":"+7 (909) 454-64-62"
    }
  },
  {
    "model":"companies.phone",
    "pk":8617,
    "fields":{
      "company":11101,
      "number":"+7 (800) 775-63-20"
    }
  },
  {
    "model":"companies.phone",
    "pk":8618,
    "fields":{
      "company":11102,
      "number":"+7 (800) 775-52-93"
    }
  },
  {
    "model":"companies.phone",
    "pk":8619,
    "fields":{
      "company":11103,
      "number":"+7 (495) 136-93-07"
    }
  },
  {
    "model":"companies.phone",
    "pk":8620,
    "fields":{
      "company":11104,
      "number":"+7 (382) 297-77-72"
    }
  },
  {
    "model":"companies.phone",
    "pk":8621,
    "fields":{
      "company":11105,
      "number":"+7 (495) 191-04-01"
    }
  },
  {
    "model":"companies.phone",
    "pk":8622,
    "fields":{
      "company":11106,
      "number":"+7 (495) 981-53-57"
    }
  },
  {
    "model":"companies.phone",
    "pk":8623,
    "fields":{
      "company":11107,
      "number":"+7 (800) 234-50-56"
    }
  },
  {
    "model":"companies.phone",
    "pk":8624,
    "fields":{
      "company":11108,
      "number":"+7 (391) 219-16-04"
    }
  },
  {
    "model":"companies.phone",
    "pk":8625,
    "fields":{
      "company":11108,
      "number":"+7 (495) 414-15-12"
    }
  },
  {
    "model":"companies.phone",
    "pk":8626,
    "fields":{
      "company":11109,
      "number":"+7 (841) 263-67-36"
    }
  },
  {
    "model":"companies.phone",
    "pk":8627,
    "fields":{
      "company":11112,
      "number":"+7 (499) 955-57-27"
    }
  },
  {
    "model":"companies.phone",
    "pk":8628,
    "fields":{
      "company":11113,
      "number":"+7 (499) 112-39-39"
    }
  },
  {
    "model":"companies.phone",
    "pk":8629,
    "fields":{
      "company":11113,
      "number":"+7 (499) 404-09-43"
    }
  },
  {
    "model":"companies.phone",
    "pk":8630,
    "fields":{
      "company":11114,
      "number":"+7 (812) 334-05-50"
    }
  },
  {
    "model":"companies.phone",
    "pk":8631,
    "fields":{
      "company":11115,
      "number":"+7 (921) 859-71-11"
    }
  },
  {
    "model":"companies.phone",
    "pk":8632,
    "fields":{
      "company":11116,
      "number":"+7 (812) 346-58-33"
    }
  },
  {
    "model":"companies.phone",
    "pk":8633,
    "fields":{
      "company":11117,
      "number":"+7 (391) 205-00-55"
    }
  },
  {
    "model":"companies.phone",
    "pk":8634,
    "fields":{
      "company":11118,
      "number":"+7 (499) 995-05-33"
    }
  },
  {
    "model":"companies.phone",
    "pk":8635,
    "fields":{
      "company":11121,
      "number":"+7 (383) 380-51-79"
    }
  },
  {
    "model":"companies.phone",
    "pk":8636,
    "fields":{
      "company":11122,
      "number":"+7 (817) 226-43-06"
    }
  },
  {
    "model":"companies.phone",
    "pk":8637,
    "fields":{
      "company":11123,
      "number":"+7 (495) 540-42-71"
    }
  },
  {
    "model":"companies.phone",
    "pk":8638,
    "fields":{
      "company":11124,
      "number":"+7 (383) 373-29-19"
    }
  },
  {
    "model":"companies.phone",
    "pk":8639,
    "fields":{
      "company":11126,
      "number":"+7 (495) 713-99-00"
    }
  },
  {
    "model":"companies.phone",
    "pk":8640,
    "fields":{
      "company":11128,
      "number":"+7 (932) 234-51-23"
    }
  },
  {
    "model":"companies.phone",
    "pk":8641,
    "fields":{
      "company":11129,
      "number":"+7 (812) 200-96-15"
    }
  },
  {
    "model":"companies.phone",
    "pk":8642,
    "fields":{
      "company":11130,
      "number":"+7 (495) 995-15-21"
    }
  },
  {
    "model":"companies.phone",
    "pk":8643,
    "fields":{
      "company":11131,
      "number":"+7 (800) 600-63-77"
    }
  },
  {
    "model":"companies.phone",
    "pk":8644,
    "fields":{
      "company":11132,
      "number":"+7 (495) 199-24-68"
    }
  },
  {
    "model":"companies.phone",
    "pk":8645,
    "fields":{
      "company":11133,
      "number":"+7 (495) 204-17-84"
    }
  },
  {
    "model":"companies.phone",
    "pk":8646,
    "fields":{
      "company":11134,
      "number":"+7 (906) 139-57-77"
    }
  },
  {
    "model":"companies.phone",
    "pk":8647,
    "fields":{
      "company":11136,
      "number":"+7 (495) 153-04-10"
    }
  },
  {
    "model":"companies.phone",
    "pk":8648,
    "fields":{
      "company":11137,
      "number":"+7 (385) 257-25-25"
    }
  },
  {
    "model":"companies.phone",
    "pk":8649,
    "fields":{
      "company":11138,
      "number":"+7 (495) 961-69-36"
    }
  },
  {
    "model":"companies.phone",
    "pk":8650,
    "fields":{
      "company":11139,
      "number":"+7 (495) 988-07-64"
    }
  },
  {
    "model":"companies.phone",
    "pk":8651,
    "fields":{
      "company":11140,
      "number":"+7 (347) 298-54-38"
    }
  },
  {
    "model":"companies.phone",
    "pk":8652,
    "fields":{
      "company":11142,
      "number":"+7 (863) 431-12-40"
    }
  },
  {
    "model":"companies.phone",
    "pk":8653,
    "fields":{
      "company":11143,
      "number":"+7 (381) 220-06-38"
    }
  },
  {
    "model":"companies.phone",
    "pk":8654,
    "fields":{
      "company":11146,
      "number":"+7 (984) 333-40-16"
    }
  },
  {
    "model":"companies.phone",
    "pk":8655,
    "fields":{
      "company":11147,
      "number":"+7 (472) 277-74-20"
    }
  },
  {
    "model":"companies.phone",
    "pk":8656,
    "fields":{
      "company":11148,
      "number":"+7 (812) 424-38-66"
    }
  },
  {
    "model":"companies.phone",
    "pk":8657,
    "fields":{
      "company":11149,
      "number":"+7 (841) 220-06-04"
    }
  },
  {
    "model":"companies.phone",
    "pk":8658,
    "fields":{
      "company":11150,
      "number":"+7 (495) 178-05-23"
    }
  },
  {
    "model":"companies.phone",
    "pk":8659,
    "fields":{
      "company":11151,
      "number":"+7 (495) 133-72-40"
    }
  },
  {
    "model":"companies.phone",
    "pk":8660,
    "fields":{
      "company":11152,
      "number":"+7 (495) 660-37-78"
    }
  },
  {
    "model":"companies.phone",
    "pk":8661,
    "fields":{
      "company":11153,
      "number":"+7 (958) 111-47-87"
    }
  },
  {
    "model":"companies.phone",
    "pk":8662,
    "fields":{
      "company":11154,
      "number":"+7 (953) 585-09-85"
    }
  },
  {
    "model":"companies.phone",
    "pk":8663,
    "fields":{
      "company":11155,
      "number":"+7 (495) 660-39-60"
    }
  },
  {
    "model":"companies.phone",
    "pk":8664,
    "fields":{
      "company":11156,
      "number":"+7 (383) 227-86-68"
    }
  },
  {
    "model":"companies.phone",
    "pk":8665,
    "fields":{
      "company":11157,
      "number":"+7 (495) 177-34-83"
    }
  },
  {
    "model":"companies.phone",
    "pk":8666,
    "fields":{
      "company":11158,
      "number":"+7 (918) 102-96-00"
    }
  },
  {
    "model":"companies.phone",
    "pk":8667,
    "fields":{
      "company":11163,
      "number":"+7 (499) 653-50-25"
    }
  },
  {
    "model":"companies.phone",
    "pk":8668,
    "fields":{
      "company":11164,
      "number":"+7 (495) 374-52-47"
    }
  },
  {
    "model":"companies.phone",
    "pk":8669,
    "fields":{
      "company":11165,
      "number":"+7 (984) 453-83-75"
    }
  },
  {
    "model":"companies.phone",
    "pk":8670,
    "fields":{
      "company":11166,
      "number":"+7 (495) 984-42-06"
    }
  },
  {
    "model":"companies.phone",
    "pk":8671,
    "fields":{
      "company":11167,
      "number":"+7 (913) 717-81-81"
    }
  },
  {
    "model":"companies.phone",
    "pk":8672,
    "fields":{
      "company":11168,
      "number":"+7 (905) 863-31-63"
    }
  },
  {
    "model":"companies.phone",
    "pk":8673,
    "fields":{
      "company":11169,
      "number":"+7 (800) 555-67-13"
    }
  }
]